"","pvalue","ARI","Gene","TruePvalue","Clustering","Thinning","GeneSymbol"
"1",2.3520610834864e-51,0.452335405906176,"ENSG00000143546",5.79017996876443e-106,"Univariate","Conditional","S100A8"
"2",9.80887179329869e-12,0.302032923291829,"ENSG00000090382",2.52004450165834e-75,"Univariate","Conditional","LYZ"
"3",6.73683227578493e-44,0.384617260870957,"ENSG00000163220",8.4173355468323e-77,"Univariate","Conditional","S100A9"
"4",0.487194118185995,0.0283910525140501,"ENSG00000251562",3.70915351226779e-12,"Univariate","Conditional","MALAT1"
"5",3.22184750570657e-07,0.143975121742755,"ENSG00000210082",4.87709176603112e-83,"Univariate","Conditional",NA
"6",4.15332319424243e-26,0.307452359352377,"ENSG00000122862",7.99546632163327e-121,"Univariate","Conditional","SRGN"
"7",0.0366228240734085,0.0286535035035151,"ENSG00000198804",1.02155630531453e-65,"Univariate","Conditional","COX1"
"8",2.45484008153499e-26,0.256301278342169,"ENSG00000196415",1.20723547978499e-111,"Univariate","Conditional","PRTN3"
"9",2.45007642871965e-05,0.0864967767793014,"ENSG00000198938",9.95125048241138e-71,"Univariate","Conditional","COX3"
"10",1.69655674153491e-12,0.173420825606218,"ENSG00000198712",6.3962620485609e-85,"Univariate","Conditional","COX2"
"11",7.73315005228501e-46,0.366526808968466,"ENSG00000005381",8.33458014390925e-117,"Univariate","Conditional","MPO"
"12",4.2050854295562e-91,0.624006784637653,"ENSG00000137818",2.07450375267133e-162,"Univariate","Conditional","RPLP1"
"13",0.792958865315533,-0.019086702052594,"ENSG00000239839",0.38427296511283,"Univariate","Conditional","DEFA3"
"14",9.36329499294599e-12,0.0995134121143232,"ENSG00000163221",1.12230403157433e-71,"Univariate","Conditional","S100A12"
"15",0.362589379014372,0.0755167278002557,"ENSG00000075624",0.0273659334751053,"Univariate","Conditional","ACTB"
"16",0.522868087067049,0.0167871860209544,"ENSG00000211459",9.17392467666307e-71,"Univariate","Conditional",NA
"17",2.08822915966242e-76,0.414907277253644,"ENSG00000012223",4.32753734014545e-153,"Univariate","Conditional","LTF"
"18",7.05042193630447e-110,0.697690706284151,"ENSG00000187514",3.41880161333847e-166,"Univariate","Conditional","PTMA"
"19",3.45832761975899e-54,0.505627888290429,"ENSG00000156508",5.98500525174245e-148,"Univariate","Conditional","EEF1A1"
"20",1.30398361849829e-09,0.141039212691905,"ENSG00000198886",5.608215587023e-69,"Univariate","Conditional","ND4"
"21",2.61344388768643e-77,0.613891089986736,"ENSG00000229117",1.02089296448888e-161,"Univariate","Conditional","RPL41"
"22",5.74126698656143e-05,0.194950765620753,"ENSG00000198899",1.36097324257398e-91,"Univariate","Conditional","ATP6"
"23",4.98095102489142e-102,0.684625983700165,"ENSG00000167526",5.90020929494596e-166,"Univariate","Conditional","RPL13"
"24",3.30445980155915e-111,0.713246116248487,"ENSG00000142937",9.0654117585265e-166,"Univariate","Conditional","RPS8"
"25",5.49610764112886e-05,0.0947377427239817,"ENSG00000198840",2.45160580673997e-65,"Univariate","Conditional","ND3"
"26",4.74189859873346e-82,0.610932909581165,"ENSG00000112306",3.69315951802427e-164,"Univariate","Conditional","RPS12"
"27",1.82470084139833e-23,0.279559689203063,"ENSG00000197561",5.14641140342655e-123,"Univariate","Conditional","ELANE"
"28",2.15637557040417e-81,0.628792028250537,"ENSG00000231500",6.9307449986946e-165,"Univariate","Conditional","RPS18"
"29",2.70467656949591e-14,0.242569618935635,"ENSG00000133112",7.96020376613764e-94,"Univariate","Conditional","TPT1"
"30",2.79656203114442e-18,0.208033414600838,"ENSG00000197061",3.96880935669756e-120,"Univariate","Conditional","H4C3"
"31",3.01706649113574e-81,0.6379471839625,"ENSG00000137154",5.86903248256141e-166,"Univariate","Conditional","RPS6"
"32",6.6096787042847e-66,0.38361145922017,"ENSG00000102837",6.34391425613175e-146,"Univariate","Conditional","OLFM4"
"33",3.9171347383036e-76,0.604832697394472,"ENSG00000197756",6.58327000208624e-162,"Univariate","Conditional","RPL37A"
"34",4.84996643090981e-07,0.120272805504954,"ENSG00000198888",1.97545625975355e-82,"Univariate","Conditional","ND1"
"35",0.836094027649,0.0323064113228651,"ENSG00000245532",3.99898784155317e-38,"Univariate","Conditional","NEAT1"
"36",1.07050607996083e-39,0.328494039957398,"ENSG00000172232",3.20782098551855e-138,"Univariate","Conditional","AZU1"
"37",2.10694210991423e-77,0.641091737986057,"ENSG00000108107",1.40265789376945e-162,"Univariate","Conditional","RPL28"
"38",6.90283162131197e-67,0.572429945786154,"ENSG00000140988",1.20909389137118e-162,"Univariate","Conditional","RPS2"
"39",3.66453384305174e-68,0.60516832620834,"ENSG00000213741",2.66881875025134e-158,"Univariate","Conditional","RPS29"
"40",3.6524450219068e-76,0.581283821219284,"ENSG00000145592",4.7933032107241e-158,"Univariate","Conditional","RPL37"
"41",1.04591169051086e-73,0.613956338316837,"ENSG00000198918",1.86711138551233e-159,"Univariate","Conditional","RPL39"
"42",0.0864154444910805,0.0265499132666677,"ENSG00000170345",7.53056488191144e-59,"Univariate","Conditional","FOS"
"43",6.57283414183774e-17,0.264593431073805,"ENSG00000198763",4.25656842121685e-101,"Univariate","Conditional","ND2"
"44",3.42775044969014e-77,0.575723566689686,"ENSG00000164587",1.05793016435503e-159,"Univariate","Conditional","RPS14"
"45",1.42774467456006e-18,0.316574767971211,"ENSG00000087086",1.70523869256285e-129,"Univariate","Conditional","FTL"
"46",1.22608455329484e-55,0.530132430232404,"ENSG00000142541",1.33799776713978e-158,"Univariate","Conditional","RPL13A"
"47",7.21317976628074e-99,0.647275469689044,"ENSG00000105372",2.9360652093821e-166,"Univariate","Conditional","RPS19"
"48",7.02470895764376e-12,0.14024804392397,"ENSG00000198727",1.00736503396197e-74,"Univariate","Conditional","CYTB"
"49",1.13584069826438e-71,0.592832287746445,"ENSG00000186468",5.93738495778391e-157,"Univariate","Conditional","RPS23"
"50",4.47822469529033e-78,0.632374892124343,"ENSG00000177600",6.76256887845491e-162,"Univariate","Conditional","RPLP2"
"51",3.01730255659394e-79,0.610866060625125,"ENSG00000138326",6.09512618030956e-163,"Univariate","Conditional","RPS24"
"52",0.465288688153072,0.00166450010224073,"ENSG00000205542",3.41293614305953e-18,"Univariate","Conditional","TMSB4X"
"53",3.84409152573592e-73,0.587250579902352,"ENSG00000147403",5.98414510557238e-160,"Univariate","Conditional","RPL10"
"54",1.44121268838342e-98,0.6594724845582,"ENSG00000034510",1.16392333549177e-164,"Univariate","Conditional","TMSB10"
"55",8.27315425288636e-93,0.662834714787492,"ENSG00000144713",3.79530358816637e-165,"Univariate","Conditional","RPL32"
"56",3.35504175205873e-89,0.656348397332077,"ENSG00000108298",1.63628385507489e-164,"Univariate","Conditional","RPL19"
"57",1.24587710954527e-89,0.684507409927229,"ENSG00000233927",4.33593304153575e-163,"Univariate","Conditional","RPS28"
"58",8.39561299475287e-92,0.63513936964807,"ENSG00000149273",4.00083110148247e-164,"Univariate","Conditional","RPS3"
"59",1.92688981116262e-49,0.473409838737063,"ENSG00000177954",5.99900496600888e-146,"Univariate","Conditional","RPS27"
"60",4.18828031137873e-72,0.620020024294169,"ENSG00000109475",8.72405360954178e-161,"Univariate","Conditional","RPL34"
"61",1.13739083457881e-47,0.454417415750894,"ENSG00000142534",1.52529261287685e-153,"Univariate","Conditional","RPS11"
"62",9.36374391028702e-08,0.0356675990959494,"ENSG00000244734",3.02886566775061e-12,"Univariate","Conditional","HBB"
"63",8.76392391534564e-68,0.616856602127708,"ENSG00000142676",9.30237668420522e-158,"Univariate","Conditional","RPL11"
"64",6.28568273248718e-72,0.601787892455751,"ENSG00000145425",4.77431132771697e-158,"Univariate","Conditional","RPS3A"
"65",0.500399540906075,0.00339368812002593,"ENSG00000166710",6.15298035786161e-44,"Univariate","Conditional","B2M"
"66",3.73755317076779e-21,0.0661293571687677,"ENSG00000100985",2.41134586590113e-85,"Univariate","Conditional","MMP9"
"67",1.01099066940262e-41,0.368990295276224,"ENSG00000124882",1.22369999930972e-164,"Univariate","Conditional","EREG"
"68",1.49140892022664e-82,0.43222118999876,"ENSG00000148346",1.56723277940599e-156,"Univariate","Conditional","LCN2"
"69",1.9602792804754e-104,0.71314297468098,"ENSG00000171858",1.17369390932754e-165,"Univariate","Conditional","RPS21"
"70",8.06334528810741e-27,0.350381136293066,"ENSG00000111640",2.61705680547858e-120,"Univariate","Conditional","GAPDH"
"71",1.08888238576308e-71,0.587463261666053,"ENSG00000197958",1.10331586012665e-161,"Univariate","Conditional","RPL12"
"72",4.03116386907834e-20,0.338129888993135,"ENSG00000019582",4.38852998849237e-142,"Univariate","Conditional","CD74"
"73",4.26281155854907e-92,0.613579471094134,"ENSG00000105640",1.03878989236696e-165,"Univariate","Conditional","RPL18A"
"74",0.697654503661396,0.0471914570839886,"ENSG00000026025",2.72898974290519e-10,"Univariate","Conditional","VIM"
"75",2.98327512738258e-111,0.690803795057417,"ENSG00000089157",2.37909641878652e-170,"Univariate","Conditional","RPLP0"
"76",6.9063034730433e-73,0.604832697394472,"ENSG00000143947",3.8182529224173e-158,"Univariate","Conditional","RPS27A"
"77",3.82280851639027e-119,0.639367065580465,"ENSG00000118113",9.63349286443801e-163,"Univariate","Conditional","MMP8"
"78",2.33048615706106e-38,0.428295630884361,"ENSG00000166441",7.23081248451351e-149,"Univariate","Conditional","RPL27A"
"79",3.85771360949251e-58,0.530220172795474,"ENSG00000156482",2.21977740849627e-150,"Univariate","Conditional","RPL30"
"80",2.23641769578467e-87,0.641178695604172,"ENSG00000130255",2.69423451511847e-163,"Univariate","Conditional","RPL36"
"81",1.25919811673844e-39,0.449855387280139,"ENSG00000122026",7.96231563787301e-145,"Univariate","Conditional","RPL21"
"82",5.05857565976037e-44,0.463419150705875,"ENSG00000134419",5.24421641087418e-142,"Univariate","Conditional","RPS15A"
"83",1.16337335516429e-32,0.402128191383781,"ENSG00000080824",4.94195439955273e-143,"Univariate","Conditional","HSP90AA1"
"84",3.45055694373843e-30,0.403580941448146,"ENSG00000008988",4.41255823742988e-137,"Univariate","Conditional","RPS20"
"85",0.000226948096682857,0.164453102124272,"ENSG00000257764",6.5816942043422e-46,"Univariate","Conditional",NA
"86",2.92453747596912e-78,0.593165771452013,"ENSG00000115268",2.66194908401422e-159,"Univariate","Conditional","RPS15"
"87",1.2611655139222e-66,0.552101467153883,"ENSG00000100316",7.02351603184253e-164,"Univariate","Conditional","RPL3"
"88",9.21935551336259e-81,0.595861881293465,"ENSG00000148303",1.07316520231946e-161,"Univariate","Conditional","RPL7A"
"89",4.97150331078592e-81,0.678239677289102,"ENSG00000110700",2.81220247035214e-162,"Univariate","Conditional","RPS13"
"90",1.49814758287131e-73,0.593058064210334,"ENSG00000163682",5.29891005837664e-164,"Univariate","Conditional","RPL9"
"91",1.89438050749482e-35,0.403652038644558,"ENSG00000125691",6.17746279020559e-137,"Univariate","Conditional","RPL23"
"92",5.20006882279893e-22,0.23159338996078,"ENSG00000198786",4.84101107213866e-97,"Univariate","Conditional","ND5"
"93",1.78177817062775e-73,0.610932909581165,"ENSG00000161016",8.78388974039035e-163,"Univariate","Conditional","RPL8"
"94",2.72239592621275e-64,0.56400438182429,"ENSG00000089009",2.11184421242009e-154,"Univariate","Conditional","RPL6"
"95",2.8101300164812e-58,0.518671866372128,"ENSG00000171863",1.33707208440246e-156,"Univariate","Conditional","RPS7"
"96",6.56532139351923e-102,0.693950836063561,"ENSG00000136942",4.17924101653229e-165,"Univariate","Conditional","RPL35"
"97",1.47461236134196e-60,0.547066067061751,"ENSG00000182899",1.25286815524286e-153,"Univariate","Conditional","RPL35A"
"98",2.8769407050004e-49,0.446317008220415,"ENSG00000161970",6.62475132200503e-150,"Univariate","Conditional","RPL26"
"99",0.450154762181256,0.011436560106162,"ENSG00000197956",0.839325335072944,"Univariate","Conditional","S100A6"
"100",1.44249035050869e-76,0.607668969390571,"ENSG00000105193",2.96996037087704e-163,"Univariate","Conditional","RPS16"
"101",6.74903285964435e-54,0.547667922431498,"ENSG00000122406",2.22354405931119e-151,"Univariate","Conditional","RPL5"
"102",1.00887171293304e-67,0.572552106296721,"ENSG00000198034",1.26807934543529e-162,"Univariate","Conditional","RPS4X"
"103",3.64446798395349e-67,0.524418173621949,"ENSG00000174748",6.95143049499685e-155,"Univariate","Conditional","RPL15"
"104",2.67899469720717e-84,0.631858529270426,"ENSG00000063177",2.4645152809255e-162,"Univariate","Conditional","RPL18"
"105",7.23612770921241e-54,0.486069479716981,"ENSG00000172809",2.97647576599662e-151,"Univariate","Conditional","RPL38"
"106",6.44982020344699e-72,0.54375164140861,"ENSG00000162244",1.18558902592135e-158,"Univariate","Conditional","RPL29"
"107",1.66691225536753e-69,0.558049448629985,"ENSG00000198242",1.42594703197782e-158,"Univariate","Conditional","RPL23A"
"108",9.8840271607612e-68,0.569966850526864,"ENSG00000170889",2.08059648676668e-155,"Univariate","Conditional","RPS9"
"109",2.82553015653368e-30,0.492383809039854,"ENSG00000189403",1.52010842361668e-147,"Univariate","Conditional","HMGB1"
"110",0.0196310048545342,0.0611759096723287,"ENSG00000196154",1.91881194599733e-27,"Univariate","Conditional","S100A4"
"111",2.7480576059171e-19,0.354456984104473,"ENSG00000070756",6.12734410028197e-114,"Univariate","Conditional","PABPC1"
"112",6.05809329700145e-41,0.428952551310431,"ENSG00000166598",7.77243711774073e-157,"Univariate","Conditional","HSP90B1"
"113",3.47960506336988e-15,0.0705021412556016,"ENSG00000164047",3.52995601827047e-131,"Univariate","Conditional","CAMP"
"114",4.04093760800552e-06,0.0654882126261699,"ENSG00000104918",2.18239616098588e-30,"Univariate","Conditional","RETN"
"115",1.2180107443405e-31,0.344957030648104,"ENSG00000179218",1.4483437485065e-157,"Univariate","Conditional","CALR"
"116",0.570065343976019,-0.00160904041017461,"ENSG00000184009",1.76638423169744e-21,"Univariate","Conditional","ACTG1"
"117",0.474601067681157,0.00556860204594877,"ENSG00000164104",1.26873243401205e-15,"Univariate","Conditional","HMGB2"
"118",9.96602360543801e-05,0.172611545850198,"ENSG00000122566",3.35305008731159e-78,"Univariate","Conditional","HNRNPA2B1"
"119",1.86083941344531e-91,0.644093042992929,"ENSG00000168028",3.40360350717861e-167,"Univariate","Conditional","RPSA"
"120",4.49863169025128e-46,0.475313654112888,"ENSG00000188846",1.04448133595674e-152,"Univariate","Conditional","RPL14"
"121",5.43428762939081e-45,0.434905830638602,"ENSG00000123416",1.75128433273283e-152,"Univariate","Conditional","TUBA1B"
"122",1.69229764173969e-54,0.470915953804846,"ENSG00000221983",7.60895126222098e-144,"Univariate","Conditional","UBA52"
"123",3.6905466883042e-51,0.560920182192431,"ENSG00000147604",3.14153648507137e-156,"Univariate","Conditional","RPL7"
"124",2.56231791343672e-17,0.180387895412989,"ENSG00000115590",4.5306796874441e-58,"Univariate","Conditional","IL1R2"
"125",0.39590741696184,0.045868583614546,"ENSG00000067082",5.69612026201504e-44,"Univariate","Conditional","KLF6"
"126",0.260134380520992,-0.0042036907109153,"ENSG00000164821",9.44327585657184e-06,"Univariate","Conditional","DEFA4"
"127",0.302919249126839,0.0118495218507256,"ENSG00000135046",2.46628029191558e-07,"Univariate","Conditional","ANXA1"
"128",1.49178155755347e-10,0.20558751576152,"ENSG00000153187",2.23774056124666e-86,"Univariate","Conditional","HNRNPU"
"129",1.69228757507311e-13,0.248398611862811,"ENSG00000198830",6.46368320929824e-103,"Univariate","Conditional","HMGN2"
"130",1.40874176159434e-66,0.54384324901763,"ENSG00000118181",3.54098409852453e-153,"Univariate","Conditional","RPS25"
"131",3.48550759467266e-57,0.543515047508746,"ENSG00000198755",3.21077253224051e-166,"Univariate","Conditional","RPL10A"
"132",1.27036324114715e-58,0.521638708356766,"ENSG00000204628",4.15493579822373e-152,"Univariate","Conditional","RACK1"
"133",1.86452642520324e-08,0.158149296534417,"ENSG00000104904",1.09750091812029e-90,"Univariate","Conditional","OAZ1"
"134",1.2631255662392e-25,0.282116566266186,"ENSG00000100097",2.85713241841873e-94,"Univariate","Conditional","LGALS1"
"135",5.53321118040119e-07,0.205976645369231,"ENSG00000163563",7.92310400605744e-29,"Univariate","Conditional","MNDA"
"136",5.07900962672652e-25,0.35367170390974,"ENSG00000131469",6.22209491397544e-123,"Univariate","Conditional","RPL27"
"137",1.46640083616755e-56,0.52229488021127,"ENSG00000149806",2.42112039298291e-146,"Univariate","Conditional","FAU"
"138",0.00808058584324726,0.0837307785390136,"ENSG00000130066",5.46591494817958e-63,"Univariate","Conditional","SAT1"
"139",0.590979926830586,0.0344022667657933,"ENSG00000108518",3.49099557309675e-38,"Univariate","Conditional","PFN1"
"140",1.11763024421688e-49,0.491512723821789,"ENSG00000074800",2.19350983000275e-153,"Univariate","Conditional","ENO1"
"141",1.55175050652859e-05,0.147782877126903,"ENSG00000148773",1.15150522248999e-91,"Univariate","Conditional","MKI67"
"142",4.65683671913033e-70,0.504634122553465,"ENSG00000083845",4.3564971378258e-169,"Univariate","Conditional","RPS5"
"143",0.000820889198335652,0.102388391995297,"ENSG00000100448",6.37642490937781e-93,"Univariate","Conditional","CTSG"
"144",2.30450792389097e-49,0.502372601822826,"ENSG00000071082",6.67658022035863e-150,"Univariate","Conditional","RPL31"
"145",0.0264020890876581,0.0937369135374652,"ENSG00000120129",7.37792177951386e-56,"Univariate","Conditional","DUSP1"
"146",5.21284222944543e-52,0.481892145122301,"ENSG00000114391",5.94919674302916e-151,"Univariate","Conditional","RPL24"
"147",0.166911865584118,0.0279407628184048,"ENSG00000172757",7.63711903497341e-56,"Univariate","Conditional","CFL1"
"148",0.00413259194329836,-0.000434988808233351,"ENSG00000138071",4.5962399254489e-12,"Univariate","Conditional","ACTR2"
"149",5.6256206016219e-16,0.257842588069192,"ENSG00000177606",8.08687042036507e-109,"Univariate","Conditional","JUN"
"150",5.95636752288892e-18,0.197590273682623,"ENSG00000109321",4.39841839169196e-100,"Univariate","Conditional","AREG"
"151",6.82560161197883e-05,0.103469515726497,"ENSG00000038427",1.84740615620185e-71,"Univariate","Conditional","VCAN"
"152",8.81679160316214e-25,0.342040430722396,"ENSG00000044574",1.60648129496968e-129,"Univariate","Conditional","HSPA5"
"153",8.09022448814401e-71,0.535648431349666,"ENSG00000174444",8.28720123542614e-162,"Univariate","Conditional","RPL4"
"154",0.0984691918501018,0.021060719240975,"ENSG00000234745",8.91102577101796e-36,"Univariate","Conditional","HLA-B"
"155",0.295866471589137,0.0614847496692411,"ENSG00000185201",9.13654380470357e-53,"Univariate","Conditional","IFITM2"
"156",6.46287471503768e-13,0.235669239561853,"ENSG00000096060",2.5480568125787e-98,"Univariate","Conditional","FKBP5"
"157",8.21623336805993e-73,0.55913125162643,"ENSG00000196262",8.3254515847362e-162,"Univariate","Conditional","PPIA"
"158",1.10782078402631e-64,0.552416148642855,"ENSG00000065978",7.22685566931569e-157,"Univariate","Conditional","YBX1"
"159",1.3407686263064e-19,0.2412927889248,"ENSG00000196230",2.33100510829081e-137,"Univariate","Conditional","TUBB"
"160",1.70411092889034e-05,0.0991552150467581,"ENSG00000169429",4.10916219673496e-37,"Univariate","Conditional","CXCL8"
"161",7.247948925454e-05,0.124780523325674,"ENSG00000131747",1.85469117672996e-88,"Univariate","Conditional","TOP2A"
"162",0.936092172748125,-0.000421902348658363,"ENSG00000136167",4.61278089921481e-06,"Univariate","Conditional","LCP1"
"163",4.08530994263237e-41,0.349145203561978,"ENSG00000169385",8.43589136853058e-129,"Univariate","Conditional","RNASE2"
"164",1.33089208074191e-39,0.434446485203811,"ENSG00000140264",1.03299787562913e-138,"Univariate","Conditional","SERF2"
"165",1.63933312716117e-57,0.418040478527863,"ENSG00000096384",1.16000476407486e-164,"Univariate","Conditional","HSP90AB1"
"166",5.88047836354595e-63,0.51023342196442,"ENSG00000114942",1.72298601271784e-164,"Univariate","Conditional","EEF1B2"
"167",0.00896187614793816,0.0532571090688086,"ENSG00000021355",1.06860384244268e-42,"Univariate","Conditional","SERPINB1"
"168",0.0019942835991526,0.0756557915393282,"ENSG00000143549",1.56873146878464e-44,"Univariate","Conditional","TPM3"
"169",2.08094354512081e-39,0.3822081656731,"ENSG00000152518",1.07440797293285e-137,"Univariate","Conditional","ZFP36L2"
"170",3.51786376266971e-43,0.443923019508626,"ENSG00000196531",4.18381704132562e-142,"Univariate","Conditional","NACA"
"171",1.39698564946291e-23,0.33946276974209,"ENSG00000175061",1.11048736631877e-120,"Univariate","Conditional","SNHG29"
"172",6.58929352699305e-104,0.583171732205959,"ENSG00000008438",3.42397999279632e-163,"Univariate","Conditional","PGLYRP1"
"173",0.631050215884813,-0.000745678893340005,"ENSG00000163041",5.0225521059701e-13,"Univariate","Conditional","H3-3A"
"174",4.60225959554796e-43,0.489371079049649,"ENSG00000164032",2.94724898843373e-144,"Univariate","Conditional","H2AZ1"
"175",1.022001586343e-06,0.171893527609648,"ENSG00000125740",4.5171485365238e-71,"Univariate","Conditional","FOSB"
"176",3.66163110435676e-06,0.171080732314737,"ENSG00000124172",6.69712039981629e-92,"Univariate","Conditional","ATP5F1E"
"177",6.88904785415308e-14,0.206753149720091,"ENSG00000167996",3.34286287033666e-77,"Univariate","Conditional","FTH1"
"178",0.171192603785941,0.00855725234015864,"ENSG00000092841",0.701728361149517,"Univariate","Conditional","MYL6"
"179",1.75354356061061e-61,0.507640944543368,"ENSG00000135486",4.90884181380861e-166,"Univariate","Conditional","HNRNPA1"
"180",2.98093825363968e-45,0.519649822914673,"ENSG00000116251",3.95950804370146e-154,"Univariate","Conditional","RPL22"
"181",0.154680274360792,0.0450739927771101,"ENSG00000206503",2.03409057042458e-52,"Univariate","Conditional","HLA-A"
"182",0.000124137899148117,0.0736176957189255,"ENSG00000051523",6.71533608661204e-59,"Univariate","Conditional","CYBA"
"183",8.23087726031399e-05,0.112922637286779,"ENSG00000267519",1.06887055430289e-58,"Univariate","Conditional",NA
"184",1.16565599321469e-51,0.42169109597559,"ENSG00000124795",5.18789150030716e-156,"Univariate","Conditional","DEK"
"185",0.000346964056484,0.127164031264415,"ENSG00000187837",4.17161079668474e-56,"Univariate","Conditional","H1-2"
"186",1.13119347748187e-25,0.349883184269477,"ENSG00000181163",3.3770353786496e-139,"Univariate","Conditional","NPM1"
"187",6.96521497840799e-60,0.448317202472594,"ENSG00000233276",3.99217085063114e-173,"Univariate","Conditional","GPX1"
"188",3.91256912441995e-37,0.385366392444194,"ENSG00000115053",6.07963870614385e-153,"Univariate","Conditional","NCL"
"189",2.96205538895488e-15,0.229524038952588,"ENSG00000149516",7.23840797160637e-80,"Univariate","Conditional","MS4A3"
"190",1.28705669585809e-77,0.51023342196442,"ENSG00000084207",4.62077471040198e-169,"Univariate","Conditional","GSTP1"
"191",2.46918757898121e-27,0.278258067434978,"ENSG00000115271",3.5255119677058e-106,"Univariate","Conditional","GCA"
"192",1.78103026228852e-05,0.160283089495285,"ENSG00000117724",8.05363242129849e-90,"Univariate","Conditional","CENPF"
"193",3.3722949406613e-20,0.175613962097191,"ENSG00000204287",8.44984977781753e-143,"Univariate","Conditional","HLA-DRA"
"194",0.031157359120198,0.0866623065942778,"ENSG00000100906",3.82219965324873e-39,"Univariate","Conditional","NFKBIA"
"195",5.00944367332162e-42,0.372105338084953,"ENSG00000187109",3.87794898901163e-149,"Univariate","Conditional","NAP1L1"
"196",2.23394344332111e-05,0.017166422139246,"ENSG00000188536",2.4044829399134e-08,"Univariate","Conditional","HBA2"
"197",7.28947481600025e-18,0.328406996318112,"ENSG00000124614",1.19594564036366e-132,"Univariate","Conditional","RPS10"
"198",0.0447405132086816,0.0636411673284736,"ENSG00000132475",2.96828169556827e-63,"Univariate","Conditional","H3-3B"
"199",7.49647433698355e-13,0.190619920073481,"ENSG00000212907",1.90755069181969e-78,"Univariate","Conditional","ND4L"
"200",1.13411686768659e-52,0.428087889202802,"ENSG00000119335",1.12012112483794e-156,"Univariate","Conditional","SET"
"201",0.294606813290189,9.1486387651209e-05,"ENSG00000108654",3.58692115231887e-22,"Univariate","Conditional","DDX5"
"202",7.88765979583963e-22,0.334757591152986,"ENSG00000109971",1.11898701791089e-130,"Univariate","Conditional","HSPA8"
"203",0.433216284418105,0.0227065056598754,"ENSG00000144802",1.19924809323653e-19,"Univariate","Conditional","NFKBIZ"
"204",0.139628658415711,0.00663963321212434,"ENSG00000291237",6.44982132029518e-09,"Univariate","Conditional",NA
"205",1.75265354439431e-65,0.31795297958758,"ENSG00000096006",1.19177376049164e-142,"Univariate","Conditional","CRISP3"
"206",6.44799839131235e-128,0.762646881436105,"ENSG00000272398",7.94403756801938e-168,"Univariate","Conditional","CD24"
"207",0.0148019516387687,-0.00365853794330181,"ENSG00000105835",0.00377898355877918,"Univariate","Conditional","NAMPT"
"208",0.0424352645289665,0.012249605713517,"ENSG00000163466",1.85450133466681e-26,"Univariate","Conditional","ARPC2"
"209",2.61319966654725e-15,0.31329313266249,"ENSG00000107581",5.75618586547206e-131,"Univariate","Conditional","EIF3A"
"210",0.215065615748268,0.00232664632722273,"ENSG00000100300",0.000163573799664172,"Univariate","Conditional","TSPO"
"211",1.36349859728306e-28,0.329950579839758,"ENSG00000127022",2.4940627918533e-119,"Univariate","Conditional","CANX"
"212",0.184462388797675,0.0249290980906446,"ENSG00000173812",1.50562745190808e-44,"Univariate","Conditional","EIF1"
"213",0.699364235514957,0.0221463840757848,"ENSG00000160888",3.94256455059103e-25,"Univariate","Conditional","IER2"
"214",2.03722691832913e-34,0.439193335828256,"ENSG00000131143",1.16697877883923e-142,"Univariate","Conditional","COX4I1"
"215",0.395979361583934,0.0409215412148518,"ENSG00000142669",7.60779137862357e-41,"Univariate","Conditional","SH3BGRL3"
"216",3.04659314410526e-19,0.309230731906478,"ENSG00000113648",1.28788663770529e-111,"Univariate","Conditional","MACROH2A1"
"217",5.55545983459092e-56,0.452760427391902,"ENSG00000163993",7.91868495954182e-152,"Univariate","Conditional","S100P"
"218",1.63390485144855e-26,0.335461005240696,"ENSG00000136938",4.36759661952201e-126,"Univariate","Conditional","ANP32B"
"219",0.470953315210866,0.0168188115187178,"ENSG00000111348",9.64127041085358e-31,"Univariate","Conditional","ARHGDIB"
"220",3.01351565188255e-47,0.451741237179068,"ENSG00000132965",7.33125500454006e-123,"Univariate","Conditional","ALOX5AP"
"221",1.58688868658257e-28,0.32976241557076,"ENSG00000169554",5.33226414610462e-131,"Univariate","Conditional","ZEB2"
"222",2.48161571405529e-25,0.295955117439867,"ENSG00000070081",1.29877289766369e-120,"Univariate","Conditional","NUCB2"
"223",1.41721426001064e-29,0.345958639291847,"ENSG00000142864",2.40381218878695e-129,"Univariate","Conditional","SERBP1"
"224",4.48251088809789e-41,0.401935449984865,"ENSG00000203875",1.05436905386046e-153,"Univariate","Conditional","SNHG5"
"225",0.00557837978191158,0.0378604543343904,"ENSG00000081237",9.70267358403988e-12,"Univariate","Conditional","PTPRC"
"226",0.359715146384672,0.00521286046182,"ENSG00000163191",0.161665176447206,"Univariate","Conditional","S100A11"
"227",9.26782904386401e-42,0.464952732104425,"ENSG00000167658",7.65182006895188e-144,"Univariate","Conditional","EEF2"
"228",1.20346174521458e-44,0.416487334567007,"ENSG00000069275",9.37539732747567e-160,"Univariate","Conditional","NUCKS1"
"229",7.17087870678911e-24,0.30760785202565,"ENSG00000165168",3.31649273940051e-74,"Univariate","Conditional","CYBB"
"230",4.02472619540087e-47,0.470061329961328,"ENSG00000182774",2.65891724536286e-156,"Univariate","Conditional","RPS17"
"231",3.07659695386026e-10,0.273850431027048,"ENSG00000147649",1.85395600991073e-98,"Univariate","Conditional","MTDH"
"232",3.20196812275839e-05,0.214982369506636,"ENSG00000168298",8.18873371156765e-84,"Univariate","Conditional","H1-4"
"233",0.354301276811708,-0.00102505189050654,"ENSG00000143384",3.51537391436443e-18,"Univariate","Conditional","MCL1"
"234",6.57695694210287e-14,0.221968201122875,"ENSG00000145287",2.47527755507984e-82,"Univariate","Conditional","PLAC8"
"235",0.661517584086606,0.00662924917361553,"ENSG00000140575",0.00278711130721926,"Univariate","Conditional","IQGAP1"
"236",1.16173015480761e-35,0.302659334633406,"ENSG00000101439",9.06062793614508e-123,"Univariate","Conditional","CST3"
"237",0.00196360784567639,0.0728819524740437,"ENSG00000163131",1.24969242472001e-12,"Univariate","Conditional","CTSS"
"238",1.0822039664643e-12,0.198147919973034,"ENSG00000067225",2.55375093883374e-97,"Univariate","Conditional","PKM"
"239",0.815710537235303,0.0327818681278289,"ENSG00000143933",1.60326398205272e-23,"Univariate","Conditional","CALM2"
"240",0.000196441225587889,0.121507676848605,"ENSG00000152601",1.40919241931321e-61,"Univariate","Conditional","MBNL1"
"241",3.58060699556467e-35,0.200824242164952,"ENSG00000204936",3.45375430427601e-127,"Univariate","Conditional","CD177"
"242",0.0261987964423839,0.0471504081094764,"ENSG00000059804",3.28229559839539e-34,"Univariate","Conditional","SLC2A3"
"243",7.60775538613124e-15,0.244053454980606,"ENSG00000184897",3.96949601019336e-108,"Univariate","Conditional","H1-10"
"244",0.239760111421694,0.0499351094597823,"ENSG00000150991",7.54272827250738e-58,"Univariate","Conditional","UBC"
"245",0.088378380676611,0.0671847157405232,"ENSG00000166913",1.19708073508626e-44,"Univariate","Conditional","YWHAB"
"246",5.21623662174045e-43,0.405579569289955,"ENSG00000085265",9.11488357262664e-85,"Univariate","Conditional","FCN1"
"247",1.28573390434041e-34,0.268188924243345,"ENSG00000124942",1.89040768412085e-148,"Univariate","Conditional","AHNAK"
"248",0.609812269512622,0.0119025674512243,"ENSG00000198668",0.0431725659701925,"Univariate","Conditional","CALM1"
"249",0.348506350445695,0.0495607402988507,"ENSG00000131236",9.37320311060274e-06,"Univariate","Conditional","CAP1"
"250",0.00834868474828873,-0.000502207656364441,"ENSG00000163660",0.00126647379805503,"Univariate","Conditional","CCNL1"
"251",0.431153139807345,0.0277024379073986,"ENSG00000127528",3.72457845711511e-27,"Univariate","Conditional","KLF2"
"252",0.00217770371902784,0.0727926713275651,"ENSG00000162704",0.000446328280649351,"Univariate","Conditional","ARPC5"
"253",1.27138002530403e-18,0.350179240474398,"ENSG00000092199",2.65323898047873e-119,"Univariate","Conditional","HNRNPC"
"254",0.00429785283562654,0.0786364047534588,"ENSG00000066279",3.60486302244638e-55,"Univariate","Conditional","ASPM"
"255",0.389944279205508,0.0301204914475612,"ENSG00000204389",4.2217334954275e-08,"Univariate","Conditional","HSPA1A"
"256",1.92775472785829e-34,0.398019631988736,"ENSG00000197728",5.20256452211766e-138,"Univariate","Conditional","RPS26"
"257",2.07759904734729e-18,0.301627138499276,"ENSG00000087460",7.24396513300704e-110,"Univariate","Conditional","GNAS"
"258",9.96393857742515e-50,0.385984857763614,"ENSG00000117632",6.81680727127696e-166,"Univariate","Conditional","STMN1"
"259",5.2449705299434e-23,0.325151174907454,"ENSG00000144381",1.084205735546e-143,"Univariate","Conditional","HSPD1"
"260",4.24003855306857e-21,0.184495718315711,"ENSG00000197747",7.6764977490705e-101,"Univariate","Conditional","S100A10"
"261",8.57389354536741e-53,0.44865115194924,"ENSG00000166794",2.41066806167467e-153,"Univariate","Conditional","PPIB"
"262",0.0394934322869052,0.0481933131702171,"ENSG00000136527",2.56246082261221e-48,"Univariate","Conditional","TRA2B"
"263",0.45582080969437,-0.00140737452088165,"ENSG00000163931",1.10112842230907e-20,"Univariate","Conditional","TKT"
"264",8.6527440268352e-67,0.538504917395074,"ENSG00000135390",6.41274834045935e-158,"Univariate","Conditional","ATP5MC2"
"265",0.000320416757275758,0.102846572859146,"ENSG00000130522",4.36616275953567e-54,"Univariate","Conditional","JUND"
"266",2.56891269946069e-24,0.324520752443714,"ENSG00000170144",3.09866275637538e-121,"Univariate","Conditional","HNRNPA3"
"267",3.13579988997559e-29,0.235775822948766,"ENSG00000121316",1.26031337306353e-78,"Univariate","Conditional","PLBD1"
"268",2.6838027056759e-05,0.121499907224199,"ENSG00000077984",6.62638633963602e-52,"Univariate","Conditional","CST7"
"269",0.0865388308322811,0.0441585015940314,"ENSG00000124831",1.16497386886623e-36,"Univariate","Conditional","LRRFIP1"
"270",7.02716359815227e-62,0.459985047596907,"ENSG00000118640",7.29783202169451e-165,"Univariate","Conditional","VAMP8"
"271",0.00285161146444597,0.0949268426217023,"ENSG00000157514",6.49658778397826e-56,"Univariate","Conditional","TSC22D3"
"272",0.000212677942523406,0.126564907629061,"ENSG00000221869",1.77044164542746e-71,"Univariate","Conditional","CEBPD"
"273",7.54296553269829e-13,0.0510023518291828,"ENSG00000179869",5.19252493185092e-90,"Univariate","Conditional","ABCA13"
"274",1.23506301717993e-19,0.315366142074632,"ENSG00000205581",1.52867921516829e-118,"Univariate","Conditional","HMGN1"
"275",0.0451464452432914,0.100052484490167,"ENSG00000165119",3.89915660645227e-72,"Univariate","Conditional","HNRNPK"
"276",0.654313699755306,0.0173593890876717,"ENSG00000121966",1.08745160153841e-20,"Univariate","Conditional","CXCR4"
"277",1.15734249995065e-29,0.296649267394443,"ENSG00000110077",2.63601046976179e-115,"Univariate","Conditional","MS4A6A"
"278",2.01589821750226e-07,0.18369401599519,"ENSG00000124575",2.36312123114801e-77,"Univariate","Conditional","H1-3"
"279",1.1728012807914e-85,0.505117754465278,"ENSG00000131018",1.13593118785867e-156,"Univariate","Conditional","SYNE1"
"280",2.40650088496854e-37,0.387699697804142,"ENSG00000111669",1.1196185037377e-137,"Univariate","Conditional","TPI1"
"281",3.52824269311676e-66,0.417862854234696,"ENSG00000159339",8.47960218024466e-137,"Univariate","Conditional","PADI4"
"282",8.05972945848289e-33,0.3871734775335,"ENSG00000112081",3.25371118430547e-125,"Univariate","Conditional","SRSF3"
"283",0.158340016593008,0.0628932222579472,"ENSG00000120738",2.01828230044027e-25,"Univariate","Conditional","EGR1"
"284",0.951495937772808,0.0309614209970673,"ENSG00000114353",1.48054240987147e-31,"Univariate","Conditional","GNAI2"
"285",6.65447137897896e-05,0.209869618830174,"ENSG00000135821",5.8570233726094e-85,"Univariate","Conditional","GLUL"
"286",1.07693333178478e-45,0.370948186213359,"ENSG00000240972",6.02396015169617e-165,"Univariate","Conditional","MIF"
"287",7.49445639876929e-49,0.347184041642369,"ENSG00000101347",8.70919388995338e-148,"Univariate","Conditional","SAMHD1"
"288",1.88646263897302e-45,0.342925252594702,"ENSG00000105472",5.47030216759743e-160,"Univariate","Conditional","CLEC11A"
"289",2.60115795263201e-39,0.424507257737188,"ENSG00000106153",2.42529164796233e-130,"Univariate","Conditional","CHCHD2"
"290",0.00201950646348379,0.115960492370299,"ENSG00000067560",7.60520864899717e-67,"Univariate","Conditional","RHOA"
"291",2.79736451057339e-30,0.38165965600791,"ENSG00000127184",6.44110482468237e-125,"Univariate","Conditional","COX7C"
"292",0.646697834557088,0.00256945869865747,"ENSG00000171223",0.126572539432097,"Univariate","Conditional","JUNB"
"293",1.5089385046954e-39,0.222194427656217,"ENSG00000124469",1.07317190914357e-138,"Univariate","Conditional","CEACAM8"
"294",0.132490669883593,0.00293860964200127,"ENSG00000030582",1.04930534535888e-07,"Univariate","Conditional","GRN"
"295",1.14266159682634e-09,0.0908931043201388,"ENSG00000184357",7.44697659866934e-66,"Univariate","Conditional","H1-5"
"296",0.000192412749813137,0.0252505906792589,"ENSG00000206172",1.16271228432762e-06,"Univariate","Conditional","HBA1"
"297",0.0796088720838501,0.154596397930223,"ENSG00000121691",2.45284179638779e-54,"Univariate","Conditional","CAT"
"298",1.0059207101756e-34,0.382279771493392,"ENSG00000185624",1.03970396299668e-139,"Univariate","Conditional","P4HB"
"299",5.05782688699929e-42,0.378404800038539,"ENSG00000167004",1.49121281189984e-145,"Univariate","Conditional","PDIA3"
"300",7.62637703871218e-10,0.160423209473645,"ENSG00000113810",1.45363637277831e-91,"Univariate","Conditional","SMC4"
"301",0.0200517589744353,0.0424470679556512,"ENSG00000111229",7.66045073531378e-36,"Univariate","Conditional","ARPC3"
"302",0.0862119366784161,0.0158007101457181,"ENSG00000265972",8.5660878923478e-13,"Univariate","Conditional","TXNIP"
"303",1.24285528015516e-13,0.176086756000262,"ENSG00000169045",9.36688645687721e-79,"Univariate","Conditional","HNRNPH1"
"304",5.36459151674989e-25,0.284817923665998,"ENSG00000120802",5.42771097805597e-153,"Univariate","Conditional","TMPO"
"305",0.250485665683329,0.0218846967651351,"ENSG00000162511",1.12733699560399e-47,"Univariate","Conditional","LAPTM5"
"306",0.961251218707849,-0.000363302164922098,"ENSG00000164924",0.000632941942554766,"Univariate","Conditional","YWHAZ"
"307",1.61918426299587e-14,0.300913016494275,"ENSG00000138668",7.08991128558657e-116,"Univariate","Conditional","HNRNPD"
"308",0.305731582789409,0.0515696632952066,"ENSG00000135404",1.14298996168937e-36,"Univariate","Conditional","CD63"
"309",5.21841304060929e-19,0.354404840882442,"ENSG00000156467",1.14192587162689e-128,"Univariate","Conditional","UQCRB"
"310",2.41587054458216e-27,0.354511540021735,"ENSG00000145741",1.71202978338714e-123,"Univariate","Conditional","BTF3"
"311",0.814975242272461,0.0354014058296957,"ENSG00000143669",1.69903053797938e-27,"Univariate","Conditional","LYST"
"312",0.648487814875592,0.0366393481554894,"ENSG00000128016",3.81413372646495e-33,"Univariate","Conditional","ZFP36"
"313",7.45109434869415e-78,0.526919527159234,"ENSG00000241343",9.98192436445234e-167,"Univariate","Conditional","RPL36A"
"314",5.29574754876043e-05,0.159094490101748,"ENSG00000118503",8.14589201320689e-68,"Univariate","Conditional","TNFAIP3"
"315",2.54603622237403e-10,0.224243405038693,"ENSG00000116560",1.31526989210266e-89,"Univariate","Conditional","SFPQ"
"316",0.0927704179310408,0.035661434396566,"ENSG00000101608",4.46918763492447e-10,"Univariate","Conditional","MYL12A"
"317",0.0112561958615787,0.0351282979156686,"ENSG00000102144",6.02310908888725e-48,"Univariate","Conditional","PGK1"
"318",0.202744783610412,0.000884353626475902,"ENSG00000133639",3.57452587716492e-08,"Univariate","Conditional","BTG1"
"319",0.00592489910475936,0.133299672447925,"ENSG00000164754",1.96361968845596e-40,"Univariate","Conditional","RAD21"
"320",2.14876313939299e-14,0.244915567323137,"ENSG00000084234",1.47775568045247e-111,"Univariate","Conditional","APLP2"
"321",3.0055700166479e-34,0.27224871176868,"ENSG00000143870",2.20915206833244e-164,"Univariate","Conditional","PDIA6"
"322",0.290302836560777,0.056529586534939,"ENSG00000223865",2.7483071777891e-77,"Univariate","Conditional","HLA-DPB1"
"323",2.60502748621915e-22,0.274865164756104,"ENSG00000232112",1.38055647198679e-116,"Univariate","Conditional","TMA7"
"324",0.143891112536457,0.0769599682867761,"ENSG00000197746",3.42556080838581e-27,"Univariate","Conditional","PSAP"
"325",3.14956929154952e-05,0.122651657193284,"ENSG00000118816",2.80156080437066e-49,"Univariate","Conditional","CCNI"
"326",0.0023031689936664,0.0553164728435047,"ENSG00000231389",5.15498085152958e-78,"Univariate","Conditional","HLA-DPA1"
"327",4.39522656098608e-09,0.250024006125126,"ENSG00000170571",1.37940898575439e-41,"Univariate","Conditional","EMB"
"328",6.22053026148748e-16,0.304890722399936,"ENSG00000167283",6.72910342689878e-119,"Univariate","Conditional","ATP5MG"
"329",0.314412930388505,0.0202585751119645,"ENSG00000090376",0.933460483587249,"Univariate","Conditional","IRAK3"
"330",8.39283112816224e-30,0.247468422601435,"ENSG00000182718",2.90303843344325e-131,"Univariate","Conditional","ANXA2"
"331",8.13794447816329e-12,0.225737156342283,"ENSG00000101182",8.49492938847827e-97,"Univariate","Conditional","PSMA7"
"332",6.96169013394744e-13,0.188501541498892,"ENSG00000143401",1.03693318099149e-76,"Univariate","Conditional","ANP32E"
"333",1.2894148461859e-08,0.275020099935043,"ENSG00000122565",2.35061943559092e-96,"Univariate","Conditional","CBX3"
"334",3.98711715682948e-23,0.285598183241482,"ENSG00000197766",1.31050902932718e-119,"Univariate","Conditional","CFD"
"335",2.03816092759228e-15,0.247615491934863,"ENSG00000129534",1.06645547212909e-94,"Univariate","Conditional","MIS18BP1"
"336",4.3329968387653e-26,0.279013697325714,"ENSG00000115355",8.09936617346817e-157,"Univariate","Conditional","CCDC88A"
"337",0.0926588840078821,0.0446443554024455,"ENSG00000048740",1.58279282407046e-34,"Univariate","Conditional","CELF2"
"338",1.47990039027195e-27,0.371050349375159,"ENSG00000197451",9.18613124535513e-137,"Univariate","Conditional","HNRNPAB"
"339",0.0851128979413239,0.0358539564405439,"ENSG00000115091",0.279667012813681,"Univariate","Conditional","ACTR3"
"340",2.39818546670655e-21,0.344663761214242,"ENSG00000245910",5.70109245923607e-128,"Univariate","Conditional",NA
"341",3.98522328799424e-08,0.189863671711004,"ENSG00000169564",6.04719111953751e-80,"Univariate","Conditional","PCBP1"
"342",5.77851395863908e-25,0.293337001967939,"ENSG00000128951",4.08520292271799e-128,"Univariate","Conditional","DUT"
"343",0.791037091458096,0.000792464365198423,"ENSG00000160255",3.85868159553977e-17,"Univariate","Conditional","ITGB2"
"344",3.22346494440558e-06,0.121336140929202,"ENSG00000082074",5.45930099840017e-31,"Univariate","Conditional","FYB1"
"345",0.404304021385613,0.0227673618082364,"ENSG00000147065",4.02170409377416e-29,"Univariate","Conditional","MSN"
"346",3.33229274526544e-38,0.392023258562411,"ENSG00000173660",1.71540971504606e-143,"Univariate","Conditional","UQCRH"
"347",1.42226569662007e-08,0.143939970390901,"ENSG00000204388",2.70568660856931e-70,"Univariate","Conditional","HSPA1B"
"348",7.06787518114967e-11,0.216820813499327,"ENSG00000140319",4.30220091521775e-88,"Univariate","Conditional","SRP14"
"349",0.000617570207755911,0.156824846659405,"ENSG00000062716",1.02703269962975e-58,"Univariate","Conditional","VMP1"
"350",1.69458240790527e-06,0.138261545648384,"ENSG00000011198",1.67417347151225e-62,"Univariate","Conditional","ABHD5"
"351",2.01163359159889e-35,0.345891871137724,"ENSG00000123349",4.94415201073736e-133,"Univariate","Conditional","PFDN5"
"352",0.0521166658706656,0.0447465805942109,"ENSG00000171051",7.73612358652303e-33,"Univariate","Conditional","FPR1"
"353",0.467579567854617,0.0632847115657091,"ENSG00000143815",4.35924229673823e-07,"Univariate","Conditional","LBR"
"354",8.87298689615977e-23,0.340484553436317,"ENSG00000075415",4.2742813960238e-124,"Univariate","Conditional","SLC25A3"
"355",0.0318418270572482,0.0848535769561377,"ENSG00000159140",8.08074820827001e-58,"Univariate","Conditional","SON"
"356",3.17745757712473e-21,0.294256999532628,"ENSG00000105968",1.60539489002568e-117,"Univariate","Conditional","H2AZ2"
"357",1.53790528703505e-38,0.345512892501976,"ENSG00000005022",9.69114627522051e-153,"Univariate","Conditional","SLC25A5"
"358",7.62178771598302e-37,0.379283968371316,"ENSG00000152234",9.86901727777706e-138,"Univariate","Conditional","ATP5F1A"
"359",4.6525935475966e-23,0.289185701311371,"ENSG00000099783",2.99779426903858e-113,"Univariate","Conditional","HNRNPM"
"360",7.37031799463072e-106,0.666867939644363,"ENSG00000118520",2.52713910159884e-174,"Univariate","Conditional","ARG1"
"361",6.00595382591782e-29,0.347464816059817,"ENSG00000169567",1.69018152388346e-148,"Univariate","Conditional","HINT1"
"362",6.1400518445361e-30,0.28400246892433,"ENSG00000253729",1.98776646039704e-142,"Univariate","Conditional","PRKDC"
"363",9.62326862139253e-22,0.268072072170402,"ENSG00000164733",5.57341898859772e-125,"Univariate","Conditional","CTSB"
"364",4.24932176093709e-07,0.108989468775007,"ENSG00000196924",3.85573986451187e-93,"Univariate","Conditional","FLNA"
"365",0.000472158870067179,0.0744640797554269,"ENSG00000107372",5.24781999351558e-39,"Univariate","Conditional","ZFAND5"
"366",0.253955635735513,0.0452939098336716,"ENSG00000134333",4.42632264746636e-37,"Univariate","Conditional","LDHA"
"367",1.10741140101369e-06,0.153807415455788,"ENSG00000170540",2.50792058795451e-69,"Univariate","Conditional","ARL6IP1"
"368",7.11931377673877e-47,0.366440787925432,"ENSG00000170515",8.55583971539e-161,"Univariate","Conditional","PA2G4"
"369",0.00016715782853238,0.067097948877403,"ENSG00000204525",1.02330319594809e-33,"Univariate","Conditional","HLA-C"
"370",3.90158872233315e-12,0.0863147376579628,"ENSG00000054654",3.8609114826692e-98,"Univariate","Conditional","SYNE2"
"371",5.82098017025446e-52,0.498266179214644,"ENSG00000158710",2.08219292112123e-149,"Univariate","Conditional","TAGLN2"
"372",1.83255093295201e-40,0.286855453839599,"ENSG00000163453",2.30492856098078e-164,"Univariate","Conditional","IGFBP7"
"373",1.51943584372749e-35,0.338812633373633,"ENSG00000148175",2.03490617626843e-132,"Univariate","Conditional","STOM"
"374",9.83185681518654e-41,0.424958542963449,"ENSG00000176340",1.48158926906612e-136,"Univariate","Conditional","COX8A"
"375",6.94497069015123e-24,0.35833279506001,"ENSG00000170315",7.65314422927697e-135,"Univariate","Conditional","UBB"
"376",4.63402699345863e-44,0.310946269558717,"ENSG00000111716",1.23389742327282e-174,"Univariate","Conditional","LDHB"
"377",0.761786855601227,-0.00275057604861786,"ENSG00000177156",2.02022641608192e-16,"Univariate","Conditional","TALDO1"
"378",6.28628672579283e-23,0.208274458087888,"ENSG00000085719",1.11669558880454e-103,"Univariate","Conditional","CPNE3"
"379",0.0151667111828556,0.0725864369973578,"ENSG00000138778",2.50044289881591e-45,"Univariate","Conditional","CENPE"
"380",3.05945734253981e-39,0.451507365866191,"ENSG00000180879",5.52800580405877e-155,"Univariate","Conditional","SSR4"
"381",0.0565762231881767,-0.000826432718420496,"ENSG00000111913",6.38024812571212e-10,"Univariate","Conditional","RIPOR2"
"382",0.869409756226085,0.00885360287102842,"ENSG00000215301",6.32638892360719e-07,"Univariate","Conditional","DDX3X"
"383",0.393829938128953,0.00199893167577301,"ENSG00000070831",5.32887894678301e-05,"Univariate","Conditional","CDC42"
"384",4.36447196629349e-52,0.454476800433651,"ENSG00000169020",5.54480233739029e-151,"Univariate","Conditional","ATP5ME"
"385",0.499338026327966,0.0636777909282387,"ENSG00000110321",1.13197192904652e-40,"Univariate","Conditional","EIF4G2"
"386",0.0317677839247296,0.0555246708182392,"ENSG00000139644",2.56943699629495e-41,"Univariate","Conditional","TMBIM6"
"387",1.36462489862871e-53,0.367827894711084,"ENSG00000148154",1.42021628028125e-138,"Univariate","Conditional","UGCG"
"388",3.98576783013529e-07,0.104742346782827,"ENSG00000185198",2.26869038706483e-85,"Univariate","Conditional","PRSS57"
"389",0.315109409206075,0.00134339547399481,"ENSG00000011600",0.445097122429029,"Univariate","Conditional","TYROBP"
"390",0.955308850033683,0.0994304070247317,"ENSG00000184260",1.61072155058877e-28,"Univariate","Conditional","H2AC20"
"391",3.57843640377123e-33,0.361876287016073,"ENSG00000110955",1.16806083283112e-130,"Univariate","Conditional","ATP5F1B"
"392",9.21707721895996e-21,0.315333888010001,"ENSG00000115875",3.91655960532822e-125,"Univariate","Conditional","SRSF7"
"393",2.79966092446547e-57,0.451993045754161,"ENSG00000132341",5.78818024178084e-159,"Univariate","Conditional","RAN"
"394",2.8971410932417e-24,0.31767011034003,"ENSG00000104529",1.81657763060543e-112,"Univariate","Conditional","EEF1D"
"395",1.70984232261466e-08,0.145396655853409,"ENSG00000088325",1.58013510352774e-73,"Univariate","Conditional","TPX2"
"396",2.1627445768251e-31,0.327596076120795,"ENSG00000126267",1.07544994906577e-126,"Univariate","Conditional","COX6B1"
"397",0.866026825820014,0.0211493580004633,"ENSG00000103187",3.18778167737711e-29,"Univariate","Conditional","COTL1"
"398",0.825732641371181,0.0300531481106536,"ENSG00000100345",0.000109938612099057,"Univariate","Conditional","MYH9"
"399",3.02289532840014e-43,0.398282172229595,"ENSG00000164919",7.9984587328761e-145,"Univariate","Conditional","COX6C"
"400",0.827514105735711,0.0386005547483563,"ENSG00000204592",1.37990954833518e-07,"Univariate","Conditional","HLA-E"
"401",0.308758142881217,0.0576989943408717,"ENSG00000130429",3.88162048308748e-40,"Univariate","Conditional","ARPC1B"
"402",4.17216753299318e-15,0.248771686324893,"ENSG00000167978",2.43812705838286e-99,"Univariate","Conditional","SRRM2"
"403",0.128871814489782,0.0450138668091112,"ENSG00000131051",7.85177633572434e-60,"Univariate","Conditional","RBM39"
"404",0.000246502152938349,0.177166553320375,"ENSG00000005810",4.53818261629552e-77,"Univariate","Conditional","MYCBP2"
"405",3.27692226187512e-08,0.22465840309189,"ENSG00000063046",1.43076370313446e-69,"Univariate","Conditional","EIF4B"
"406",9.56568130034466e-43,0.41680346177261,"ENSG00000154518",2.57451775985886e-143,"Univariate","Conditional","ATP5MC3"
"407",2.10320634426135e-06,0.138515396036499,"ENSG00000156411",1.21561932129145e-80,"Univariate","Conditional","ATP5MJ"
"408",0.000739277495816761,0.128946521525467,"ENSG00000117523",3.38913775571771e-54,"Univariate","Conditional","PRRC2C"
"409",8.04692089572086e-24,0.322651714010782,"ENSG00000135940",2.81282809000776e-111,"Univariate","Conditional","COX5B"
"410",0.0271340852059424,0.0105741397291325,"ENSG00000198604",4.04974768966759e-11,"Univariate","Conditional","BAZ1A"
"411",0.422349204182472,0.0201408606433566,"ENSG00000146278",5.53068282387597e-24,"Univariate","Conditional","PNRC1"
"412",0.000322534762582552,0.0894596021473714,"ENSG00000177575",1.19872966925223e-45,"Univariate","Conditional","CD163"
"413",0.364426244750996,0.000564774910649347,"ENSG00000067900",1.78734673028068e-06,"Univariate","Conditional","ROCK1"
"414",0.0220722606717148,0.0371810615508939,"ENSG00000079246",2.47554107147997e-23,"Univariate","Conditional","XRCC5"
"415",0.312971985982286,0.0268805458637451,"ENSG00000102879",0.647143691228852,"Univariate","Conditional","CORO1A"
"416",1.16070631692566e-55,0.447997935821159,"ENSG00000152082",9.50596505463645e-161,"Univariate","Conditional","MZT2B"
"417",0.243933483797255,0.0380657047143376,"ENSG00000185862",3.02917245167537e-07,"Univariate","Conditional","EVI2B"
"418",0.0820252457910095,-0.00101635869058299,"ENSG00000100201",2.5401731576148e-14,"Univariate","Conditional","DDX17"
"419",0.0030834750511388,0.0243220445005011,"ENSG00000168264",1.08604706847568e-34,"Univariate","Conditional","IRF2BP2"
"420",0.0812647888173947,0.104701520182755,"ENSG00000178695",5.01695639115411e-23,"Univariate","Conditional","KCTD12"
"421",8.04284149783708e-16,0.266226550268631,"ENSG00000102317",3.87689604966444e-107,"Univariate","Conditional","RBM3"
"422",1.35743503061121e-14,0.15671154425359,"ENSG00000132646",3.21982020226261e-123,"Univariate","Conditional","PCNA"
"423",0.96365252855743,0.0656205418732894,"ENSG00000143878",8.56247676913289e-16,"Univariate","Conditional","RHOB"
"424",0.922402793077685,0.0181470707846012,"ENSG00000117984",0.757355633451984,"Univariate","Conditional","CTSD"
"425",0.0405365477786811,0.0694296771552521,"ENSG00000139218",1.43978007783083e-39,"Univariate","Conditional","SCAF11"
"426",0.732320870503628,0.0413408310743974,"ENSG00000153113",0.116484212651838,"Univariate","Conditional","CAST"
"427",1.37414592250468e-07,0.196579189760573,"ENSG00000197111",5.36055951050632e-72,"Univariate","Conditional","PCBP2"
"428",1.52314318649324e-15,0.267443879858391,"ENSG00000089280",1.20519509756904e-101,"Univariate","Conditional","FUS"
"429",0.27923521821374,0.0123641033739265,"ENSG00000111144",1.3101303473049e-10,"Univariate","Conditional","LTA4H"
"430",0.0305154704143717,0.10902542969275,"ENSG00000106780",1.17887887049436e-25,"Univariate","Conditional","MEGF9"
"431",1.18980947857899e-32,0.343201595240227,"ENSG00000136026",5.32079334375946e-82,"Univariate","Conditional","CKAP4"
"432",2.91654575311871e-22,0.314398762745454,"ENSG00000196683",2.96701105243352e-114,"Univariate","Conditional","TOMM7"
"433",9.22804176183284e-16,0.235355519387309,"ENSG00000197471",2.02395602399856e-110,"Univariate","Conditional","SPN"
"434",0.471356482563716,0.0176224011803482,"ENSG00000135535",0.0707582738728357,"Univariate","Conditional","CD164"
"435",2.19944670150851e-27,0.356462898770129,"ENSG00000125944",3.11191207374564e-142,"Univariate","Conditional","HNRNPR"
"436",2.47925082102705e-45,0.367030072583922,"ENSG00000137309",1.40690213416964e-156,"Univariate","Conditional","HMGA1"
"437",0.000140592148274379,0.0820693470390789,"ENSG00000130592",1.00368679661255e-18,"Univariate","Conditional","LSP1"
"438",3.73926235882582e-07,0.131218936398574,"ENSG00000213719",1.32751845399798e-87,"Univariate","Conditional","CLIC1"
"439",0.000385049945186281,0.103977224798227,"ENSG00000113387",4.82636730395372e-72,"Univariate","Conditional","SUB1"
"440",0.49724510904392,0.0221431099146804,"ENSG00000151726",1.64469327715741e-19,"Univariate","Conditional","ACSL1"
"441",2.26705956823993e-21,0.280191635461554,"ENSG00000110958",5.39814137841383e-131,"Univariate","Conditional","PTGES3"
"442",1.58428773200715e-51,0.466392564759707,"ENSG00000178982",1.34425351393739e-148,"Univariate","Conditional","EIF3K"
"443",0.458711573498038,0.0931974286003465,"ENSG00000188229",8.120948949446e-37,"Univariate","Conditional","TUBB4B"
"444",5.39974176761274e-07,0.158017932571947,"ENSG00000188612",1.82954306535124e-84,"Univariate","Conditional","SUMO2"
"445",4.86892168456156e-05,0.104061537556882,"ENSG00000136810",2.96329641022816e-61,"Univariate","Conditional","TXN"
"446",1.18521192890116e-23,0.268861251631244,"ENSG00000189043",1.43645435834486e-98,"Univariate","Conditional","NDUFA4"
"447",4.3611319386462e-10,0.208569991020571,"ENSG00000165025",2.59189388703505e-78,"Univariate","Conditional","SYK"
"448",0.0176457123299515,0.0790456438801471,"ENSG00000164111",2.63788834124951e-60,"Univariate","Conditional","ANXA5"
"449",4.17335012908652e-23,0.314457974665217,"ENSG00000131174",4.41250503269457e-111,"Univariate","Conditional","COX7B"
"450",0.0177666088539987,0.0201795165708029,"ENSG00000196352",5.9486309335041e-11,"Univariate","Conditional","CD55"
"451",6.34410849305354e-21,0.275188971497917,"ENSG00000120742",1.70929066012022e-103,"Univariate","Conditional","SERP1"
"452",9.19290350918146e-32,0.339233867411454,"ENSG00000152795",2.5152016531069e-123,"Univariate","Conditional","HNRNPDL"
"453",1.99813166028265e-12,0.237859568476557,"ENSG00000120694",6.91593568219111e-130,"Univariate","Conditional","HSPH1"
"454",5.13430045249337e-15,0.251136880844892,"ENSG00000126777",1.13227540252183e-110,"Univariate","Conditional","KTN1"
"455",1.60733543685175e-12,0.1896764983271,"ENSG00000165502",1.73059359437727e-109,"Univariate","Conditional","RPL36AL"
"456",4.44217256241426e-32,0.294162637750568,"ENSG00000100504",5.35315390354888e-121,"Univariate","Conditional","PYGL"
"457",7.9122599834839e-35,0.38604484418163,"ENSG00000155368",2.50866481598711e-131,"Univariate","Conditional","DBI"
"458",3.89358863228494e-18,0.225068423272369,"ENSG00000234741",2.1395011045994e-95,"Univariate","Conditional","GAS5"
"459",0.138571281376148,0.00544049217704264,"ENSG00000005020",0.267005316942781,"Univariate","Conditional","SKAP2"
"460",1.09468239618966e-29,0.304776973716276,"ENSG00000118705",3.57447807323924e-125,"Univariate","Conditional","RPN2"
"461",1.97628846348238e-06,0.119275940434563,"ENSG00000198258",1.37621958272466e-80,"Univariate","Conditional","UBL5"
"462",9.26678127076757e-05,0.10796078625597,"ENSG00000108424",2.08405269831685e-64,"Univariate","Conditional","KPNB1"
"463",1.21522864530859e-23,0.358105830780243,"ENSG00000108953",6.03926205473701e-130,"Univariate","Conditional","YWHAE"
"464",0.430494972560624,0.00863358609007401,"ENSG00000109046",0.00031524403357954,"Univariate","Conditional","WSB1"
"465",0.000737062201712048,0.149807381056687,"ENSG00000166801",1.65000835737313e-72,"Univariate","Conditional","FAM111A"
"466",1.6845651316701e-11,0.197094346438323,"ENSG00000228253",5.70795767679999e-79,"Univariate","Conditional","ATP8"
"467",0.000302812764752343,0.0648501925956732,"ENSG00000142227",2.48800844515167e-38,"Univariate","Conditional","EMP3"
"468",0.406791136762327,0.0106524212731918,"ENSG00000119535",1.87792225311966e-05,"Univariate","Conditional","CSF3R"
"469",0.00374339704012108,0.112674060914355,"ENSG00000086061",9.91747932174897e-67,"Univariate","Conditional","DNAJA1"
"470",0.00883948537017177,0.0585332674556438,"ENSG00000142657",1.44908843591168e-05,"Univariate","Conditional","PGD"
"471",5.49048555309151e-11,0.212017040012506,"ENSG00000147274",6.45148187531602e-97,"Univariate","Conditional","RBMX"
"472",9.63960183392413e-11,0.168244514747362,"ENSG00000009307",1.26210623666835e-84,"Univariate","Conditional","CSDE1"
"473",2.07155704995057e-48,0.468179095753541,"ENSG00000125743",7.15493051318725e-156,"Univariate","Conditional","SNRPD2"
"474",1.05137458049919e-21,0.301226704831515,"ENSG00000135316",3.41084057741547e-125,"Univariate","Conditional","SYNCRIP"
"475",0.62467785089052,0.0341670436349811,"ENSG00000101596",9.32082503750317e-18,"Univariate","Conditional","SMCHD1"
"476",0.112645916221329,0.0519311553111511,"ENSG00000119314",0.53121738027106,"Univariate","Conditional","PTBP3"
"477",3.81751937508732e-17,0.25072400489141,"ENSG00000161547",1.70016904709983e-91,"Univariate","Conditional","SRSF2"
"478",2.45398347362994e-20,0.299976172000227,"ENSG00000133226",4.64163878042967e-115,"Univariate","Conditional","SRRM1"
"479",0.280474308351999,0.0454989782410074,"ENSG00000121552",9.22799853204845e-43,"Univariate","Conditional","CSTA"
"480",1.22709180958506e-20,0.257842588069192,"ENSG00000127540",1.13990907363904e-107,"Univariate","Conditional","UQCR11"
"481",4.92179969662862e-05,0.196642379603022,"ENSG00000176788",1.69470969135662e-63,"Univariate","Conditional","BASP1"
"482",0.84342607349015,0.0040057067547004,"ENSG00000105887",3.21952361007804e-26,"Univariate","Conditional","MTPN"
"483",0.290741560177394,0.108903935031848,"ENSG00000132002",1.21722412407797e-38,"Univariate","Conditional","DNAJB1"
"484",7.34581404294209e-14,0.305260859790668,"ENSG00000104408",9.63428169566268e-108,"Univariate","Conditional","EIF3E"
"485",0.00158894343951179,0.0663670162187054,"ENSG00000158869",9.36585002696227e-18,"Univariate","Conditional","FCER1G"
"486",6.39558201311249e-34,0.313269934788057,"ENSG00000060138",4.89637727160033e-153,"Univariate","Conditional","YBX3"
"487",5.10339523055464e-34,0.321501758561485,"ENSG00000132780",8.21705399960946e-152,"Univariate","Conditional","NASP"
"488",0.645756097295859,0.0177152380920687,"ENSG00000137076",1.01977001802466e-29,"Univariate","Conditional","TLN1"
"489",1.54788101229357e-05,0.152931651152512,"ENSG00000119707",7.77742662336684e-81,"Univariate","Conditional","RBM25"
"490",2.00181593442809e-19,0.225711597302288,"ENSG00000124766",8.07027534509839e-144,"Univariate","Conditional","SOX4"
"491",9.38082323662871e-09,0.155973486215169,"ENSG00000171530",8.2478031516086e-84,"Univariate","Conditional","TBCA"
"492",5.06837615619512e-15,0.202428561080247,"ENSG00000167460",9.32816312351627e-115,"Univariate","Conditional","TPM4"
"493",0.0498655112320292,0.0137319430299425,"ENSG00000003402",7.62224269783729e-08,"Univariate","Conditional","CFLAR"
"494",0.386517475535635,0.0394373303211959,"ENSG00000183688",2.04586001750744e-14,"Univariate","Conditional","RFLNB"
"495",0.411364133172413,-0.00354370063466905,"ENSG00000188404",0.346049529080427,"Univariate","Conditional","SELL"
"496",0.835813384127314,-3.68810142019496e-05,"ENSG00000116489",6.24374939048193e-11,"Univariate","Conditional","CAPZA1"
"497",2.4445960411608e-18,0.25377092415464,"ENSG00000057608",4.5895397853919e-112,"Univariate","Conditional","GDI2"
"498",5.44425290385458e-46,0.419720800215875,"ENSG00000164405",3.595160004866e-147,"Univariate","Conditional","UQCRQ"
"499",5.25039613337467e-15,0.230506175604281,"ENSG00000105810",1.75459493114349e-117,"Univariate","Conditional","CDK6"
"500",1.96995298478905e-38,0.34170046051595,"ENSG00000130816",2.5384187415891e-155,"Univariate","Conditional","DNMT1"
"501",2.27885111294555e-68,0.765333952550641,"ENSG00000143546",5.79017996876443e-106,"Multivariate","Conditional","S100A8"
"502",1.60440945288055e-21,0.765333952550641,"ENSG00000090382",2.52004450165834e-75,"Multivariate","Conditional","LYZ"
"503",1.44427718231439e-58,0.765333952550641,"ENSG00000163220",8.4173355468323e-77,"Multivariate","Conditional","S100A9"
"504",5.92860181592336e-10,0.765333952550641,"ENSG00000251562",3.70915351226779e-12,"Multivariate","Conditional","MALAT1"
"505",1.56922778828248e-49,0.765333952550641,"ENSG00000210082",4.87709176603112e-83,"Multivariate","Conditional",NA
"506",2.14101071577406e-79,0.765333952550641,"ENSG00000122862",7.99546632163327e-121,"Multivariate","Conditional","SRGN"
"507",2.18885054955526e-41,0.765333952550641,"ENSG00000198804",1.02155630531453e-65,"Multivariate","Conditional","COX1"
"508",1.10290555915165e-63,0.765333952550641,"ENSG00000196415",1.20723547978499e-111,"Multivariate","Conditional","PRTN3"
"509",2.04781161609284e-42,0.765333952550641,"ENSG00000198938",9.95125048241138e-71,"Multivariate","Conditional","COX3"
"510",5.54992616104047e-55,0.765333952550641,"ENSG00000198712",6.3962620485609e-85,"Multivariate","Conditional","COX2"
"511",3.63407770920683e-73,0.765333952550641,"ENSG00000005381",8.33458014390925e-117,"Multivariate","Conditional","MPO"
"512",6.87765645818017e-136,0.765333952550641,"ENSG00000137818",2.07450375267133e-162,"Multivariate","Conditional","RPLP1"
"513",0.609042435994069,0.765333952550641,"ENSG00000239839",0.38427296511283,"Multivariate","Conditional","DEFA3"
"514",4.20057130860261e-30,0.765333952550641,"ENSG00000163221",1.12230403157433e-71,"Multivariate","Conditional","S100A12"
"515",2.19492208123631e-05,0.765333952550641,"ENSG00000075624",0.0273659334751053,"Multivariate","Conditional","ACTB"
"516",3.6799436486748e-40,0.765333952550641,"ENSG00000211459",9.17392467666307e-71,"Multivariate","Conditional",NA
"517",5.31699334748188e-95,0.765333952550641,"ENSG00000012223",4.32753734014545e-153,"Multivariate","Conditional","LTF"
"518",9.91089062212783e-141,0.765333952550641,"ENSG00000187514",3.41880161333847e-166,"Multivariate","Conditional","PTMA"
"519",2.68187213816701e-107,0.765333952550641,"ENSG00000156508",5.98500525174245e-148,"Multivariate","Conditional","EEF1A1"
"520",2.66075570109143e-48,0.765333952550641,"ENSG00000198886",5.608215587023e-69,"Multivariate","Conditional","ND4"
"521",7.23287424973067e-119,0.765333952550641,"ENSG00000229117",1.02089296448888e-161,"Multivariate","Conditional","RPL41"
"522",2.80663962709794e-45,0.765333952550641,"ENSG00000198899",1.36097324257398e-91,"Multivariate","Conditional","ATP6"
"523",1.15496597901782e-138,0.765333952550641,"ENSG00000167526",5.90020929494596e-166,"Multivariate","Conditional","RPL13"
"524",1.13148347419351e-140,0.765333952550641,"ENSG00000142937",9.0654117585265e-166,"Multivariate","Conditional","RPS8"
"525",2.83217531713438e-43,0.765333952550641,"ENSG00000198840",2.45160580673997e-65,"Multivariate","Conditional","ND3"
"526",8.24387771710215e-127,0.765333952550641,"ENSG00000112306",3.69315951802427e-164,"Multivariate","Conditional","RPS12"
"527",1.27276986444886e-79,0.765333952550641,"ENSG00000197561",5.14641140342655e-123,"Multivariate","Conditional","ELANE"
"528",1.04197872063385e-129,0.765333952550641,"ENSG00000231500",6.9307449986946e-165,"Multivariate","Conditional","RPS18"
"529",3.53701540004169e-74,0.765333952550641,"ENSG00000133112",7.96020376613764e-94,"Multivariate","Conditional","TPT1"
"530",1.60040472109684e-67,0.765333952550641,"ENSG00000197061",3.96880935669756e-120,"Multivariate","Conditional","H4C3"
"531",6.42005492892947e-128,0.765333952550641,"ENSG00000137154",5.86903248256141e-166,"Multivariate","Conditional","RPS6"
"532",6.15880296044594e-82,0.765333952550641,"ENSG00000102837",6.34391425613175e-146,"Multivariate","Conditional","OLFM4"
"533",1.71588806791911e-123,0.765333952550641,"ENSG00000197756",6.58327000208624e-162,"Multivariate","Conditional","RPL37A"
"534",5.27652584032233e-55,0.765333952550641,"ENSG00000198888",1.97545625975355e-82,"Multivariate","Conditional","ND1"
"535",6.45598767837586e-21,0.765333952550641,"ENSG00000245532",3.99898784155317e-38,"Multivariate","Conditional","NEAT1"
"536",5.37928208182189e-90,0.765333952550641,"ENSG00000172232",3.20782098551855e-138,"Multivariate","Conditional","AZU1"
"537",6.13906770461722e-122,0.765333952550641,"ENSG00000108107",1.40265789376945e-162,"Multivariate","Conditional","RPL28"
"538",4.80841432547897e-119,0.765333952550641,"ENSG00000140988",1.20909389137118e-162,"Multivariate","Conditional","RPS2"
"539",8.90622937622364e-111,0.765333952550641,"ENSG00000213741",2.66881875025134e-158,"Multivariate","Conditional","RPS29"
"540",6.44802328590138e-128,0.765333952550641,"ENSG00000145592",4.7933032107241e-158,"Multivariate","Conditional","RPL37"
"541",2.38904489301093e-114,0.765333952550641,"ENSG00000198918",1.86711138551233e-159,"Multivariate","Conditional","RPL39"
"542",2.46051549136561e-28,0.765333952550641,"ENSG00000170345",7.53056488191144e-59,"Multivariate","Conditional","FOS"
"543",2.55993174445886e-62,0.765333952550641,"ENSG00000198763",4.25656842121685e-101,"Multivariate","Conditional","ND2"
"544",1.48068013820536e-126,0.765333952550641,"ENSG00000164587",1.05793016435503e-159,"Multivariate","Conditional","RPS14"
"545",3.82442734802707e-75,0.765333952550641,"ENSG00000087086",1.70523869256285e-129,"Multivariate","Conditional","FTL"
"546",2.50866730811789e-108,0.765333952550641,"ENSG00000142541",1.33799776713978e-158,"Multivariate","Conditional","RPL13A"
"547",1.32434575498053e-141,0.765333952550641,"ENSG00000105372",2.9360652093821e-166,"Multivariate","Conditional","RPS19"
"548",5.93265899227367e-51,0.765333952550641,"ENSG00000198727",1.00736503396197e-74,"Multivariate","Conditional","CYTB"
"549",2.06592244606665e-121,0.765333952550641,"ENSG00000186468",5.93738495778391e-157,"Multivariate","Conditional","RPS23"
"550",8.89182945948683e-121,0.765333952550641,"ENSG00000177600",6.76256887845491e-162,"Multivariate","Conditional","RPLP2"
"551",5.8981255472477e-125,0.765333952550641,"ENSG00000138326",6.09512618030956e-163,"Multivariate","Conditional","RPS24"
"552",3.93105596211841e-11,0.765333952550641,"ENSG00000205542",3.41293614305953e-18,"Multivariate","Conditional","TMSB4X"
"553",4.56940805928609e-117,0.765333952550641,"ENSG00000147403",5.98414510557238e-160,"Multivariate","Conditional","RPL10"
"554",6.13421452731455e-128,0.765333952550641,"ENSG00000034510",1.16392333549177e-164,"Multivariate","Conditional","TMSB10"
"555",1.04571282989258e-135,0.765333952550641,"ENSG00000144713",3.79530358816637e-165,"Multivariate","Conditional","RPL32"
"556",3.6246815964887e-124,0.765333952550641,"ENSG00000108298",1.63628385507489e-164,"Multivariate","Conditional","RPL19"
"557",1.41752449317565e-122,0.765333952550641,"ENSG00000233927",4.33593304153575e-163,"Multivariate","Conditional","RPS28"
"558",2.96137979880671e-132,0.765333952550641,"ENSG00000149273",4.00083110148247e-164,"Multivariate","Conditional","RPS3"
"559",4.17996391924508e-98,0.765333952550641,"ENSG00000177954",5.99900496600888e-146,"Multivariate","Conditional","RPS27"
"560",1.59646218927035e-113,0.765333952550641,"ENSG00000109475",8.72405360954178e-161,"Multivariate","Conditional","RPL34"
"561",3.93995542441723e-111,0.765333952550641,"ENSG00000142534",1.52529261287685e-153,"Multivariate","Conditional","RPS11"
"562",1.79314195493684e-07,0.765333952550641,"ENSG00000244734",3.02886566775061e-12,"Multivariate","Conditional","HBB"
"563",1.83279906615672e-115,0.765333952550641,"ENSG00000142676",9.30237668420522e-158,"Multivariate","Conditional","RPL11"
"564",2.77856180113185e-111,0.765333952550641,"ENSG00000145425",4.77431132771697e-158,"Multivariate","Conditional","RPS3A"
"565",8.256162123338e-36,0.765333952550641,"ENSG00000166710",6.15298035786161e-44,"Multivariate","Conditional","B2M"
"566",4.70300494461395e-43,0.765333952550641,"ENSG00000100985",2.41134586590113e-85,"Multivariate","Conditional","MMP9"
"567",2.11629207130304e-106,0.765333952550641,"ENSG00000124882",1.22369999930972e-164,"Multivariate","Conditional","EREG"
"568",2.30412521856462e-101,0.765333952550641,"ENSG00000148346",1.56723277940599e-156,"Multivariate","Conditional","LCN2"
"569",1.52154418390128e-140,0.765333952550641,"ENSG00000171858",1.17369390932754e-165,"Multivariate","Conditional","RPS21"
"570",1.69793831689721e-85,0.765333952550641,"ENSG00000111640",2.61705680547858e-120,"Multivariate","Conditional","GAPDH"
"571",4.24313450679123e-125,0.765333952550641,"ENSG00000197958",1.10331586012665e-161,"Multivariate","Conditional","RPL12"
"572",1.57696440490437e-76,0.765333952550641,"ENSG00000019582",4.38852998849237e-142,"Multivariate","Conditional","CD74"
"573",1.14485245315333e-134,0.765333952550641,"ENSG00000105640",1.03878989236696e-165,"Multivariate","Conditional","RPL18A"
"574",6.44764966899007e-05,0.765333952550641,"ENSG00000026025",2.72898974290519e-10,"Multivariate","Conditional","VIM"
"575",1.71191771331377e-146,0.765333952550641,"ENSG00000089157",2.37909641878652e-170,"Multivariate","Conditional","RPLP0"
"576",5.81882385083215e-114,0.765333952550641,"ENSG00000143947",3.8182529224173e-158,"Multivariate","Conditional","RPS27A"
"577",1.40924157123138e-117,0.765333952550641,"ENSG00000118113",9.63349286443801e-163,"Multivariate","Conditional","MMP8"
"578",1.76574329251771e-91,0.765333952550641,"ENSG00000166441",7.23081248451351e-149,"Multivariate","Conditional","RPL27A"
"579",4.1923940642285e-116,0.765333952550641,"ENSG00000156482",2.21977740849627e-150,"Multivariate","Conditional","RPL30"
"580",4.76325556628687e-128,0.765333952550641,"ENSG00000130255",2.69423451511847e-163,"Multivariate","Conditional","RPL36"
"581",4.47446020287853e-99,0.765333952550641,"ENSG00000122026",7.96231563787301e-145,"Multivariate","Conditional","RPL21"
"582",7.73341113926823e-102,0.765333952550641,"ENSG00000134419",5.24421641087418e-142,"Multivariate","Conditional","RPS15A"
"583",7.20262761122718e-89,0.765333952550641,"ENSG00000080824",4.94195439955273e-143,"Multivariate","Conditional","HSP90AA1"
"584",1.37910415913909e-87,0.765333952550641,"ENSG00000008988",4.41255823742988e-137,"Multivariate","Conditional","RPS20"
"585",4.04371235196398e-15,0.765333952550641,"ENSG00000257764",6.5816942043422e-46,"Multivariate","Conditional",NA
"586",4.01495411362644e-125,0.765333952550641,"ENSG00000115268",2.66194908401422e-159,"Multivariate","Conditional","RPS15"
"587",1.28074155607124e-117,0.765333952550641,"ENSG00000100316",7.02351603184253e-164,"Multivariate","Conditional","RPL3"
"588",4.04991761225847e-124,0.765333952550641,"ENSG00000148303",1.07316520231946e-161,"Multivariate","Conditional","RPL7A"
"589",1.9068671737385e-122,0.765333952550641,"ENSG00000110700",2.81220247035214e-162,"Multivariate","Conditional","RPS13"
"590",1.17260679966958e-121,0.765333952550641,"ENSG00000163682",5.29891005837664e-164,"Multivariate","Conditional","RPL9"
"591",6.71799632937089e-90,0.765333952550641,"ENSG00000125691",6.17746279020559e-137,"Multivariate","Conditional","RPL23"
"592",3.92023945669748e-68,0.765333952550641,"ENSG00000198786",4.84101107213866e-97,"Multivariate","Conditional","ND5"
"593",7.67973117631783e-127,0.765333952550641,"ENSG00000161016",8.78388974039035e-163,"Multivariate","Conditional","RPL8"
"594",7.68935490895208e-117,0.765333952550641,"ENSG00000089009",2.11184421242009e-154,"Multivariate","Conditional","RPL6"
"595",2.45659313722873e-116,0.765333952550641,"ENSG00000171863",1.33707208440246e-156,"Multivariate","Conditional","RPS7"
"596",6.52348142115147e-133,0.765333952550641,"ENSG00000136942",4.17924101653229e-165,"Multivariate","Conditional","RPL35"
"597",5.0830536259914e-126,0.765333952550641,"ENSG00000182899",1.25286815524286e-153,"Multivariate","Conditional","RPL35A"
"598",2.26831576975684e-104,0.765333952550641,"ENSG00000161970",6.62475132200503e-150,"Multivariate","Conditional","RPL26"
"599",0.59336398707853,0.765333952550641,"ENSG00000197956",0.839325335072944,"Multivariate","Conditional","S100A6"
"600",2.23454398197379e-122,0.765333952550641,"ENSG00000105193",2.96996037087704e-163,"Multivariate","Conditional","RPS16"
"601",2.61925158942989e-107,0.765333952550641,"ENSG00000122406",2.22354405931119e-151,"Multivariate","Conditional","RPL5"
"602",2.04884250337398e-119,0.765333952550641,"ENSG00000198034",1.26807934543529e-162,"Multivariate","Conditional","RPS4X"
"603",2.91436786885224e-118,0.765333952550641,"ENSG00000174748",6.95143049499685e-155,"Multivariate","Conditional","RPL15"
"604",2.82508740694951e-132,0.765333952550641,"ENSG00000063177",2.4645152809255e-162,"Multivariate","Conditional","RPL18"
"605",1.60216190408486e-112,0.765333952550641,"ENSG00000172809",2.97647576599662e-151,"Multivariate","Conditional","RPL38"
"606",2.74870334010813e-124,0.765333952550641,"ENSG00000162244",1.18558902592135e-158,"Multivariate","Conditional","RPL29"
"607",4.63329044707095e-124,0.765333952550641,"ENSG00000198242",1.42594703197782e-158,"Multivariate","Conditional","RPL23A"
"608",1.39719082990137e-115,0.765333952550641,"ENSG00000170889",2.08059648676668e-155,"Multivariate","Conditional","RPS9"
"609",3.56379219972801e-78,0.765333952550641,"ENSG00000189403",1.52010842361668e-147,"Multivariate","Conditional","HMGB1"
"610",8.26706669891904e-14,0.765333952550641,"ENSG00000196154",1.91881194599733e-27,"Multivariate","Conditional","S100A4"
"611",4.33962120255519e-69,0.765333952550641,"ENSG00000070756",6.12734410028197e-114,"Multivariate","Conditional","PABPC1"
"612",1.98902332608128e-108,0.765333952550641,"ENSG00000166598",7.77243711774073e-157,"Multivariate","Conditional","HSP90B1"
"613",2.64658603811581e-57,0.765333952550641,"ENSG00000164047",3.52995601827047e-131,"Multivariate","Conditional","CAMP"
"614",9.52426320574075e-22,0.765333952550641,"ENSG00000104918",2.18239616098588e-30,"Multivariate","Conditional","RETN"
"615",6.18783348992939e-107,0.765333952550641,"ENSG00000179218",1.4483437485065e-157,"Multivariate","Conditional","CALR"
"616",1.28968948532099e-23,0.765333952550641,"ENSG00000184009",1.76638423169744e-21,"Multivariate","Conditional","ACTG1"
"617",2.99480842553092e-09,0.765333952550641,"ENSG00000164104",1.26873243401205e-15,"Multivariate","Conditional","HMGB2"
"618",6.91497599632266e-45,0.765333952550641,"ENSG00000122566",3.35305008731159e-78,"Multivariate","Conditional","HNRNPA2B1"
"619",6.57184622469405e-131,0.765333952550641,"ENSG00000168028",3.40360350717861e-167,"Multivariate","Conditional","RPSA"
"620",1.62602540769294e-107,0.765333952550641,"ENSG00000188846",1.04448133595674e-152,"Multivariate","Conditional","RPL14"
"621",1.25003562333046e-96,0.765333952550641,"ENSG00000123416",1.75128433273283e-152,"Multivariate","Conditional","TUBA1B"
"622",6.65993724309575e-116,0.765333952550641,"ENSG00000221983",7.60895126222098e-144,"Multivariate","Conditional","UBA52"
"623",2.19112522657913e-99,0.765333952550641,"ENSG00000147604",3.14153648507137e-156,"Multivariate","Conditional","RPL7"
"624",1.84715966255538e-38,0.765333952550641,"ENSG00000115590",4.5306796874441e-58,"Multivariate","Conditional","IL1R2"
"625",5.45095958812081e-13,0.765333952550641,"ENSG00000067082",5.69612026201504e-44,"Multivariate","Conditional","KLF6"
"626",0.00126279710666981,0.765333952550641,"ENSG00000164821",9.44327585657184e-06,"Multivariate","Conditional","DEFA4"
"627",8.20126916459977e-05,0.765333952550641,"ENSG00000135046",2.46628029191558e-07,"Multivariate","Conditional","ANXA1"
"628",3.39297492894879e-55,0.765333952550641,"ENSG00000153187",2.23774056124666e-86,"Multivariate","Conditional","HNRNPU"
"629",9.05676979172656e-61,0.765333952550641,"ENSG00000198830",6.46368320929824e-103,"Multivariate","Conditional","HMGN2"
"630",2.79364825234319e-113,0.765333952550641,"ENSG00000118181",3.54098409852453e-153,"Multivariate","Conditional","RPS25"
"631",1.26117887206763e-103,0.765333952550641,"ENSG00000198755",3.21077253224051e-166,"Multivariate","Conditional","RPL10A"
"632",4.46474749870029e-117,0.765333952550641,"ENSG00000204628",4.15493579822373e-152,"Multivariate","Conditional","RACK1"
"633",1.66571561550046e-59,0.765333952550641,"ENSG00000104904",1.09750091812029e-90,"Multivariate","Conditional","OAZ1"
"634",1.04914710352242e-55,0.765333952550641,"ENSG00000100097",2.85713241841873e-94,"Multivariate","Conditional","LGALS1"
"635",3.94305862266804e-14,0.765333952550641,"ENSG00000163563",7.92310400605744e-29,"Multivariate","Conditional","MNDA"
"636",4.22072801970936e-87,0.765333952550641,"ENSG00000131469",6.22209491397544e-123,"Multivariate","Conditional","RPL27"
"637",2.93153389819882e-107,0.765333952550641,"ENSG00000149806",2.42112039298291e-146,"Multivariate","Conditional","FAU"
"638",1.15533275340439e-36,0.765333952550641,"ENSG00000130066",5.46591494817958e-63,"Multivariate","Conditional","SAT1"
"639",8.94667626010897e-24,0.765333952550641,"ENSG00000108518",3.49099557309675e-38,"Multivariate","Conditional","PFN1"
"640",4.29217254315649e-103,0.765333952550641,"ENSG00000074800",2.19350983000275e-153,"Multivariate","Conditional","ENO1"
"641",6.90476367836219e-52,0.765333952550641,"ENSG00000148773",1.15150522248999e-91,"Multivariate","Conditional","MKI67"
"642",4.43760353226719e-134,0.765333952550641,"ENSG00000083845",4.3564971378258e-169,"Multivariate","Conditional","RPS5"
"643",1.24304099258829e-55,0.765333952550641,"ENSG00000100448",6.37642490937781e-93,"Multivariate","Conditional","CTSG"
"644",2.92031423873812e-102,0.765333952550641,"ENSG00000071082",6.67658022035863e-150,"Multivariate","Conditional","RPL31"
"645",4.75255223871573e-29,0.765333952550641,"ENSG00000120129",7.37792177951386e-56,"Multivariate","Conditional","DUSP1"
"646",5.22489039548621e-110,0.765333952550641,"ENSG00000114391",5.94919674302916e-151,"Multivariate","Conditional","RPL24"
"647",1.78789505007532e-37,0.765333952550641,"ENSG00000172757",7.63711903497341e-56,"Multivariate","Conditional","CFL1"
"648",6.10869507981221e-07,0.765333952550641,"ENSG00000138071",4.5962399254489e-12,"Multivariate","Conditional","ACTR2"
"649",2.57208206534464e-61,0.765333952550641,"ENSG00000177606",8.08687042036507e-109,"Multivariate","Conditional","JUN"
"650",3.02894228660037e-59,0.765333952550641,"ENSG00000109321",4.39841839169196e-100,"Multivariate","Conditional","AREG"
"651",4.59920509779232e-29,0.765333952550641,"ENSG00000038427",1.84740615620185e-71,"Multivariate","Conditional","VCAN"
"652",7.90700562197845e-77,0.765333952550641,"ENSG00000044574",1.60648129496968e-129,"Multivariate","Conditional","HSPA5"
"653",3.73462518644121e-128,0.765333952550641,"ENSG00000174444",8.28720123542614e-162,"Multivariate","Conditional","RPL4"
"654",4.59305762113085e-18,0.765333952550641,"ENSG00000234745",8.91102577101796e-36,"Multivariate","Conditional","HLA-B"
"655",6.56669917162029e-11,0.765333952550641,"ENSG00000185201",9.13654380470357e-53,"Multivariate","Conditional","IFITM2"
"656",2.04157930267785e-55,0.765333952550641,"ENSG00000096060",2.5480568125787e-98,"Multivariate","Conditional","FKBP5"
"657",3.6652714654568e-131,0.765333952550641,"ENSG00000196262",8.3254515847362e-162,"Multivariate","Conditional","PPIA"
"658",3.46086702311229e-124,0.765333952550641,"ENSG00000065978",7.22685566931569e-157,"Multivariate","Conditional","YBX1"
"659",2.91190588391183e-83,0.765333952550641,"ENSG00000196230",2.33100510829081e-137,"Multivariate","Conditional","TUBB"
"660",7.98900291331762e-16,0.765333952550641,"ENSG00000169429",4.10916219673496e-37,"Multivariate","Conditional","CXCL8"
"661",1.23947812778617e-40,0.765333952550641,"ENSG00000131747",1.85469117672996e-88,"Multivariate","Conditional","TOP2A"
"662",0.000968897767847376,0.765333952550641,"ENSG00000136167",4.61278089921481e-06,"Multivariate","Conditional","LCP1"
"663",2.37949252988585e-95,0.765333952550641,"ENSG00000169385",8.43589136853058e-129,"Multivariate","Conditional","RNASE2"
"664",2.53303213745478e-97,0.765333952550641,"ENSG00000140264",1.03299787562913e-138,"Multivariate","Conditional","SERF2"
"665",6.81296923572437e-133,0.765333952550641,"ENSG00000096384",1.16000476407486e-164,"Multivariate","Conditional","HSP90AB1"
"666",2.05237183372248e-123,0.765333952550641,"ENSG00000114942",1.72298601271784e-164,"Multivariate","Conditional","EEF1B2"
"667",7.94894674940111e-28,0.765333952550641,"ENSG00000021355",1.06860384244268e-42,"Multivariate","Conditional","SERPINB1"
"668",3.8403537070559e-35,0.765333952550641,"ENSG00000143549",1.56873146878464e-44,"Multivariate","Conditional","TPM3"
"669",2.17782653449538e-95,0.765333952550641,"ENSG00000152518",1.07440797293285e-137,"Multivariate","Conditional","ZFP36L2"
"670",5.33259456530741e-104,0.765333952550641,"ENSG00000196531",4.18381704132562e-142,"Multivariate","Conditional","NACA"
"671",1.27902044919824e-83,0.765333952550641,"ENSG00000175061",1.11048736631877e-120,"Multivariate","Conditional","SNHG29"
"672",3.73817774627408e-106,0.765333952550641,"ENSG00000008438",3.42397999279632e-163,"Multivariate","Conditional","PGLYRP1"
"673",1.10419299506942e-15,0.765333952550641,"ENSG00000163041",5.0225521059701e-13,"Multivariate","Conditional","H3-3A"
"674",7.67898295869152e-81,0.765333952550641,"ENSG00000164032",2.94724898843373e-144,"Multivariate","Conditional","H2AZ1"
"675",1.43517189139113e-39,0.765333952550641,"ENSG00000125740",4.5171485365238e-71,"Multivariate","Conditional","FOSB"
"676",1.5653585129259e-57,0.765333952550641,"ENSG00000124172",6.69712039981629e-92,"Multivariate","Conditional","ATP5F1E"
"677",2.03984602704095e-42,0.765333952550641,"ENSG00000167996",3.34286287033666e-77,"Multivariate","Conditional","FTH1"
"678",0.0260356019641399,0.765333952550641,"ENSG00000092841",0.701728361149517,"Multivariate","Conditional","MYL6"
"679",1.43731179833855e-123,0.765333952550641,"ENSG00000135486",4.90884181380861e-166,"Multivariate","Conditional","HNRNPA1"
"680",1.07949329203439e-96,0.765333952550641,"ENSG00000116251",3.95950804370146e-154,"Multivariate","Conditional","RPL22"
"681",1.91570851566838e-36,0.765333952550641,"ENSG00000206503",2.03409057042458e-52,"Multivariate","Conditional","HLA-A"
"682",7.70085990330332e-37,0.765333952550641,"ENSG00000051523",6.71533608661204e-59,"Multivariate","Conditional","CYBA"
"683",1.26353526749568e-31,0.765333952550641,"ENSG00000267519",1.06887055430289e-58,"Multivariate","Conditional",NA
"684",1.98132936606843e-117,0.765333952550641,"ENSG00000124795",5.18789150030716e-156,"Multivariate","Conditional","DEK"
"685",6.34681020098944e-30,0.765333952550641,"ENSG00000187837",4.17161079668474e-56,"Multivariate","Conditional","H1-2"
"686",3.27972764016323e-87,0.765333952550641,"ENSG00000181163",3.3770353786496e-139,"Multivariate","Conditional","NPM1"
"687",7.29554769869671e-131,0.765333952550641,"ENSG00000233276",3.99217085063114e-173,"Multivariate","Conditional","GPX1"
"688",1.94287666755894e-111,0.765333952550641,"ENSG00000115053",6.07963870614385e-153,"Multivariate","Conditional","NCL"
"689",1.06308399259468e-54,0.765333952550641,"ENSG00000149516",7.23840797160637e-80,"Multivariate","Conditional","MS4A3"
"690",7.09006311060681e-141,0.765333952550641,"ENSG00000084207",4.62077471040198e-169,"Multivariate","Conditional","GSTP1"
"691",4.13291650737849e-51,0.765333952550641,"ENSG00000115271",3.5255119677058e-106,"Multivariate","Conditional","GCA"
"692",1.9373643644098e-44,0.765333952550641,"ENSG00000117724",8.05363242129849e-90,"Multivariate","Conditional","CENPF"
"693",1.10610569715301e-88,0.765333952550641,"ENSG00000204287",8.44984977781753e-143,"Multivariate","Conditional","HLA-DRA"
"694",1.8141092058823e-17,0.765333952550641,"ENSG00000100906",3.82219965324873e-39,"Multivariate","Conditional","NFKBIA"
"695",4.43972981143125e-103,0.765333952550641,"ENSG00000187109",3.87794898901163e-149,"Multivariate","Conditional","NAP1L1"
"696",1.65024414320311e-08,0.765333952550641,"ENSG00000188536",2.4044829399134e-08,"Multivariate","Conditional","HBA2"
"697",2.56796519217801e-74,0.765333952550641,"ENSG00000124614",1.19594564036366e-132,"Multivariate","Conditional","RPS10"
"698",1.74651688919187e-44,0.765333952550641,"ENSG00000132475",2.96828169556827e-63,"Multivariate","Conditional","H3-3B"
"699",6.28459054470273e-54,0.765333952550641,"ENSG00000212907",1.90755069181969e-78,"Multivariate","Conditional","ND4L"
"700",2.95506122919353e-119,0.765333952550641,"ENSG00000119335",1.12012112483794e-156,"Multivariate","Conditional","SET"
"701",2.02524787525661e-21,0.765333952550641,"ENSG00000108654",3.58692115231887e-22,"Multivariate","Conditional","DDX5"
"702",3.68767797811602e-80,0.765333952550641,"ENSG00000109971",1.11898701791089e-130,"Multivariate","Conditional","HSPA8"
"703",6.20960570556764e-09,0.765333952550641,"ENSG00000144802",1.19924809323653e-19,"Multivariate","Conditional","NFKBIZ"
"704",6.07633287813561e-06,0.765333952550641,"ENSG00000291237",6.44982132029518e-09,"Multivariate","Conditional",NA
"705",1.01927194833614e-84,0.765333952550641,"ENSG00000096006",1.19177376049164e-142,"Multivariate","Conditional","CRISP3"
"706",3.10716200981611e-122,0.765333952550641,"ENSG00000272398",7.94403756801938e-168,"Multivariate","Conditional","CD24"
"707",0.63628404557319,0.765333952550641,"ENSG00000105835",0.00377898355877918,"Multivariate","Conditional","NAMPT"
"708",7.03664881826978e-20,0.765333952550641,"ENSG00000163466",1.85450133466681e-26,"Multivariate","Conditional","ARPC2"
"709",7.71577425950215e-80,0.765333952550641,"ENSG00000107581",5.75618586547206e-131,"Multivariate","Conditional","EIF3A"
"710",0.000289161666270441,0.765333952550641,"ENSG00000100300",0.000163573799664172,"Multivariate","Conditional","TSPO"
"711",2.86918253496927e-84,0.765333952550641,"ENSG00000127022",2.4940627918533e-119,"Multivariate","Conditional","CANX"
"712",1.00959428090651e-27,0.765333952550641,"ENSG00000173812",1.50562745190808e-44,"Multivariate","Conditional","EIF1"
"713",1.61197713319338e-12,0.765333952550641,"ENSG00000160888",3.94256455059103e-25,"Multivariate","Conditional","IER2"
"714",2.06169264817753e-95,0.765333952550641,"ENSG00000131143",1.16697877883923e-142,"Multivariate","Conditional","COX4I1"
"715",1.45429950437734e-20,0.765333952550641,"ENSG00000142669",7.60779137862357e-41,"Multivariate","Conditional","SH3BGRL3"
"716",1.0537515554171e-71,0.765333952550641,"ENSG00000113648",1.28788663770529e-111,"Multivariate","Conditional","MACROH2A1"
"717",3.55030846674792e-92,0.765333952550641,"ENSG00000163993",7.91868495954182e-152,"Multivariate","Conditional","S100P"
"718",7.59248917298571e-83,0.765333952550641,"ENSG00000136938",4.36759661952201e-126,"Multivariate","Conditional","ANP32B"
"719",8.44951045386652e-23,0.765333952550641,"ENSG00000111348",9.64127041085358e-31,"Multivariate","Conditional","ARHGDIB"
"720",2.44914548439904e-73,0.765333952550641,"ENSG00000132965",7.33125500454006e-123,"Multivariate","Conditional","ALOX5AP"
"721",6.16730869899555e-83,0.765333952550641,"ENSG00000169554",5.33226414610462e-131,"Multivariate","Conditional","ZEB2"
"722",4.9752865433724e-82,0.765333952550641,"ENSG00000070081",1.29877289766369e-120,"Multivariate","Conditional","NUCB2"
"723",1.97578053964888e-84,0.765333952550641,"ENSG00000142864",2.40381218878695e-129,"Multivariate","Conditional","SERBP1"
"724",1.15404162474338e-118,0.765333952550641,"ENSG00000203875",1.05436905386046e-153,"Multivariate","Conditional","SNHG5"
"725",3.34831360010932e-06,0.765333952550641,"ENSG00000081237",9.70267358403988e-12,"Multivariate","Conditional","PTPRC"
"726",0.420037114452513,0.765333952550641,"ENSG00000163191",0.161665176447206,"Multivariate","Conditional","S100A11"
"727",1.58154336152785e-90,0.765333952550641,"ENSG00000167658",7.65182006895188e-144,"Multivariate","Conditional","EEF2"
"728",2.55375845641227e-107,0.765333952550641,"ENSG00000069275",9.37539732747567e-160,"Multivariate","Conditional","NUCKS1"
"729",7.34671360423323e-47,0.765333952550641,"ENSG00000165168",3.31649273940051e-74,"Multivariate","Conditional","CYBB"
"730",4.27148491193553e-112,0.765333952550641,"ENSG00000182774",2.65891724536286e-156,"Multivariate","Conditional","RPS17"
"731",4.64205622383442e-60,0.765333952550641,"ENSG00000147649",1.85395600991073e-98,"Multivariate","Conditional","MTDH"
"732",1.38316217777085e-32,0.765333952550641,"ENSG00000168298",8.18873371156765e-84,"Multivariate","Conditional","H1-4"
"733",3.28752864090778e-11,0.765333952550641,"ENSG00000143384",3.51537391436443e-18,"Multivariate","Conditional","MCL1"
"734",1.61411424819655e-52,0.765333952550641,"ENSG00000145287",2.47527755507984e-82,"Multivariate","Conditional","PLAC8"
"735",0.242632325595693,0.765333952550641,"ENSG00000140575",0.00278711130721926,"Multivariate","Conditional","IQGAP1"
"736",1.01234801338338e-74,0.765333952550641,"ENSG00000101439",9.06062793614508e-123,"Multivariate","Conditional","CST3"
"737",1.01725888241583e-05,0.765333952550641,"ENSG00000163131",1.24969242472001e-12,"Multivariate","Conditional","CTSS"
"738",3.45449476497882e-64,0.765333952550641,"ENSG00000067225",2.55375093883374e-97,"Multivariate","Conditional","PKM"
"739",1.31263578729671e-17,0.765333952550641,"ENSG00000143933",1.60326398205272e-23,"Multivariate","Conditional","CALM2"
"740",3.525910267199e-43,0.765333952550641,"ENSG00000152601",1.40919241931321e-61,"Multivariate","Conditional","MBNL1"
"741",2.02211195513899e-68,0.765333952550641,"ENSG00000204936",3.45375430427601e-127,"Multivariate","Conditional","CD177"
"742",7.7309276235018e-19,0.765333952550641,"ENSG00000059804",3.28229559839539e-34,"Multivariate","Conditional","SLC2A3"
"743",5.12816842843266e-73,0.765333952550641,"ENSG00000184897",3.96949601019336e-108,"Multivariate","Conditional","H1-10"
"744",3.67748734721545e-29,0.765333952550641,"ENSG00000150991",7.54272827250738e-58,"Multivariate","Conditional","UBC"
"745",3.05956283564242e-27,0.765333952550641,"ENSG00000166913",1.19708073508626e-44,"Multivariate","Conditional","YWHAB"
"746",8.69205299514927e-72,0.765333952550641,"ENSG00000085265",9.11488357262664e-85,"Multivariate","Conditional","FCN1"
"747",1.03260229870602e-94,0.765333952550641,"ENSG00000124942",1.89040768412085e-148,"Multivariate","Conditional","AHNAK"
"748",0.00866991742965665,0.765333952550641,"ENSG00000198668",0.0431725659701925,"Multivariate","Conditional","CALM1"
"749",0.0645671920788935,0.765333952550641,"ENSG00000131236",9.37320311060274e-06,"Multivariate","Conditional","CAP1"
"750",0.0045904968190875,0.765333952550641,"ENSG00000163660",0.00126647379805503,"Multivariate","Conditional","CCNL1"
"751",8.92163689403966e-15,0.765333952550641,"ENSG00000127528",3.72457845711511e-27,"Multivariate","Conditional","KLF2"
"752",0.0205516361356507,0.765333952550641,"ENSG00000162704",0.000446328280649351,"Multivariate","Conditional","ARPC5"
"753",4.54296306022723e-68,0.765333952550641,"ENSG00000092199",2.65323898047873e-119,"Multivariate","Conditional","HNRNPC"
"754",7.05507270275879e-31,0.765333952550641,"ENSG00000066279",3.60486302244638e-55,"Multivariate","Conditional","ASPM"
"755",7.6598764018085e-11,0.765333952550641,"ENSG00000204389",4.2217334954275e-08,"Multivariate","Conditional","HSPA1A"
"756",4.63841111880453e-95,0.765333952550641,"ENSG00000197728",5.20256452211766e-138,"Multivariate","Conditional","RPS26"
"757",2.03101274840079e-76,0.765333952550641,"ENSG00000087460",7.24396513300704e-110,"Multivariate","Conditional","GNAS"
"758",2.51015990187574e-118,0.765333952550641,"ENSG00000117632",6.81680727127696e-166,"Multivariate","Conditional","STMN1"
"759",1.03698638951878e-91,0.765333952550641,"ENSG00000144381",1.084205735546e-143,"Multivariate","Conditional","HSPD1"
"760",3.23715625400082e-52,0.765333952550641,"ENSG00000197747",7.6764977490705e-101,"Multivariate","Conditional","S100A10"
"761",3.6211736745004e-114,0.765333952550641,"ENSG00000166794",2.41066806167467e-153,"Multivariate","Conditional","PPIB"
"762",9.64256057944992e-35,0.765333952550641,"ENSG00000136527",2.56246082261221e-48,"Multivariate","Conditional","TRA2B"
"763",2.11997185792422e-17,0.765333952550641,"ENSG00000163931",1.10112842230907e-20,"Multivariate","Conditional","TKT"
"764",5.88139318904981e-121,0.765333952550641,"ENSG00000135390",6.41274834045935e-158,"Multivariate","Conditional","ATP5MC2"
"765",6.4686332833896e-29,0.765333952550641,"ENSG00000130522",4.36616275953567e-54,"Multivariate","Conditional","JUND"
"766",7.28425095480529e-83,0.765333952550641,"ENSG00000170144",3.09866275637538e-121,"Multivariate","Conditional","HNRNPA3"
"767",7.94733446971906e-53,0.765333952550641,"ENSG00000121316",1.26031337306353e-78,"Multivariate","Conditional","PLBD1"
"768",2.4157892449595e-31,0.765333952550641,"ENSG00000077984",6.62638633963602e-52,"Multivariate","Conditional","CST7"
"769",3.74142689771637e-21,0.765333952550641,"ENSG00000124831",1.16497386886623e-36,"Multivariate","Conditional","LRRFIP1"
"770",5.25225084164721e-133,0.765333952550641,"ENSG00000118640",7.29783202169451e-165,"Multivariate","Conditional","VAMP8"
"771",8.01884185696111e-31,0.765333952550641,"ENSG00000157514",6.49658778397826e-56,"Multivariate","Conditional","TSC22D3"
"772",2.62968916307821e-42,0.765333952550641,"ENSG00000221869",1.77044164542746e-71,"Multivariate","Conditional","CEBPD"
"773",2.85343215538525e-37,0.765333952550641,"ENSG00000179869",5.19252493185092e-90,"Multivariate","Conditional","ABCA13"
"774",4.3395974961604e-73,0.765333952550641,"ENSG00000205581",1.52867921516829e-118,"Multivariate","Conditional","HMGN1"
"775",2.24197658491505e-38,0.765333952550641,"ENSG00000165119",3.89915660645227e-72,"Multivariate","Conditional","HNRNPK"
"776",4.20404160223155e-11,0.765333952550641,"ENSG00000121966",1.08745160153841e-20,"Multivariate","Conditional","CXCR4"
"777",9.64480848161801e-66,0.765333952550641,"ENSG00000110077",2.63601046976179e-115,"Multivariate","Conditional","MS4A6A"
"778",1.12422623457182e-35,0.765333952550641,"ENSG00000124575",2.36312123114801e-77,"Multivariate","Conditional","H1-3"
"779",5.09375919729991e-108,0.765333952550641,"ENSG00000131018",1.13593118785867e-156,"Multivariate","Conditional","SYNE1"
"780",4.94340497747521e-96,0.765333952550641,"ENSG00000111669",1.1196185037377e-137,"Multivariate","Conditional","TPI1"
"781",2.66514436184267e-86,0.765333952550641,"ENSG00000159339",8.47960218024466e-137,"Multivariate","Conditional","PADI4"
"782",5.30737554217216e-89,0.765333952550641,"ENSG00000112081",3.25371118430547e-125,"Multivariate","Conditional","SRSF3"
"783",1.22287263234826e-14,0.765333952550641,"ENSG00000120738",2.01828230044027e-25,"Multivariate","Conditional","EGR1"
"784",4.20687839516715e-14,0.765333952550641,"ENSG00000114353",1.48054240987147e-31,"Multivariate","Conditional","GNAI2"
"785",1.57017187276613e-55,0.765333952550641,"ENSG00000135821",5.8570233726094e-85,"Multivariate","Conditional","GLUL"
"786",6.75259971530041e-115,0.765333952550641,"ENSG00000240972",6.02396015169617e-165,"Multivariate","Conditional","MIF"
"787",3.66837585664477e-93,0.765333952550641,"ENSG00000101347",8.70919388995338e-148,"Multivariate","Conditional","SAMHD1"
"788",5.96996672761751e-105,0.765333952550641,"ENSG00000105472",5.47030216759743e-160,"Multivariate","Conditional","CLEC11A"
"789",1.13198454046721e-92,0.765333952550641,"ENSG00000106153",2.42529164796233e-130,"Multivariate","Conditional","CHCHD2"
"790",4.55186064719483e-43,0.765333952550641,"ENSG00000067560",7.60520864899717e-67,"Multivariate","Conditional","RHOA"
"791",7.67165610364124e-85,0.765333952550641,"ENSG00000127184",6.44110482468237e-125,"Multivariate","Conditional","COX7C"
"792",0.0262927670464483,0.765333952550641,"ENSG00000171223",0.126572539432097,"Multivariate","Conditional","JUNB"
"793",3.03165923107236e-78,0.765333952550641,"ENSG00000124469",1.07317190914357e-138,"Multivariate","Conditional","CEACAM8"
"794",0.013976546218347,0.765333952550641,"ENSG00000030582",1.04930534535888e-07,"Multivariate","Conditional","GRN"
"795",1.2756671937869e-36,0.765333952550641,"ENSG00000184357",7.44697659866934e-66,"Multivariate","Conditional","H1-5"
"796",6.55129081668287e-05,0.765333952550641,"ENSG00000206172",1.16271228432762e-06,"Multivariate","Conditional","HBA1"
"797",1.04675446201995e-32,0.765333952550641,"ENSG00000121691",2.45284179638779e-54,"Multivariate","Conditional","CAT"
"798",1.53719989511033e-100,0.765333952550641,"ENSG00000185624",1.03970396299668e-139,"Multivariate","Conditional","P4HB"
"799",9.71274944718568e-103,0.765333952550641,"ENSG00000167004",1.49121281189984e-145,"Multivariate","Conditional","PDIA3"
"800",5.23035103117458e-56,0.765333952550641,"ENSG00000113810",1.45363637277831e-91,"Multivariate","Conditional","SMC4"
"801",5.02550175263441e-26,0.765333952550641,"ENSG00000111229",7.66045073531378e-36,"Multivariate","Conditional","ARPC3"
"802",4.3176447513606e-12,0.765333952550641,"ENSG00000265972",8.5660878923478e-13,"Multivariate","Conditional","TXNIP"
"803",7.33800361685039e-52,0.765333952550641,"ENSG00000169045",9.36688645687721e-79,"Multivariate","Conditional","HNRNPH1"
"804",2.79381569455939e-106,0.765333952550641,"ENSG00000120802",5.42771097805597e-153,"Multivariate","Conditional","TMPO"
"805",4.43300994263198e-38,0.765333952550641,"ENSG00000162511",1.12733699560399e-47,"Multivariate","Conditional","LAPTM5"
"806",0.000701317890313444,0.765333952550641,"ENSG00000164924",0.000632941942554766,"Multivariate","Conditional","YWHAZ"
"807",4.08393395073036e-70,0.765333952550641,"ENSG00000138668",7.08991128558657e-116,"Multivariate","Conditional","HNRNPD"
"808",2.24609648233784e-21,0.765333952550641,"ENSG00000135404",1.14298996168937e-36,"Multivariate","Conditional","CD63"
"809",1.17958516477879e-85,0.765333952550641,"ENSG00000156467",1.14192587162689e-128,"Multivariate","Conditional","UQCRB"
"810",4.73366281434122e-92,0.765333952550641,"ENSG00000145741",1.71202978338714e-123,"Multivariate","Conditional","BTF3"
"811",1.32985742052929e-11,0.765333952550641,"ENSG00000143669",1.69903053797938e-27,"Multivariate","Conditional","LYST"
"812",2.74124683664283e-21,0.765333952550641,"ENSG00000128016",3.81413372646495e-33,"Multivariate","Conditional","ZFP36"
"813",1.75822748654661e-123,0.765333952550641,"ENSG00000241343",9.98192436445234e-167,"Multivariate","Conditional","RPL36A"
"814",1.11745790650963e-28,0.765333952550641,"ENSG00000118503",8.14589201320689e-68,"Multivariate","Conditional","TNFAIP3"
"815",1.04933002674512e-49,0.765333952550641,"ENSG00000116560",1.31526989210266e-89,"Multivariate","Conditional","SFPQ"
"816",0.000969291101825645,0.765333952550641,"ENSG00000101608",4.46918763492447e-10,"Multivariate","Conditional","MYL12A"
"817",3.36760553197243e-34,0.765333952550641,"ENSG00000102144",6.02310908888725e-48,"Multivariate","Conditional","PGK1"
"818",0.0144618875030343,0.765333952550641,"ENSG00000133639",3.57452587716492e-08,"Multivariate","Conditional","BTG1"
"819",9.80830532466789e-21,0.765333952550641,"ENSG00000164754",1.96361968845596e-40,"Multivariate","Conditional","RAD21"
"820",9.16525516585867e-75,0.765333952550641,"ENSG00000084234",1.47775568045247e-111,"Multivariate","Conditional","APLP2"
"821",7.06007226314593e-124,0.765333952550641,"ENSG00000143870",2.20915206833244e-164,"Multivariate","Conditional","PDIA6"
"822",9.28983683583093e-43,0.765333952550641,"ENSG00000223865",2.7483071777891e-77,"Multivariate","Conditional","HLA-DPB1"
"823",5.61528102723051e-89,0.765333952550641,"ENSG00000232112",1.38055647198679e-116,"Multivariate","Conditional","TMA7"
"824",1.07296128962114e-11,0.765333952550641,"ENSG00000197746",3.42556080838581e-27,"Multivariate","Conditional","PSAP"
"825",1.27775602240226e-29,0.765333952550641,"ENSG00000118816",2.80156080437066e-49,"Multivariate","Conditional","CCNI"
"826",4.52887611266702e-44,0.765333952550641,"ENSG00000231389",5.15498085152958e-78,"Multivariate","Conditional","HLA-DPA1"
"827",2.007790699722e-15,0.765333952550641,"ENSG00000170571",1.37940898575439e-41,"Multivariate","Conditional","EMB"
"828",3.95000839324858e-72,0.765333952550641,"ENSG00000167283",6.72910342689878e-119,"Multivariate","Conditional","ATP5MG"
"829",0.726025763303517,0.765333952550641,"ENSG00000090376",0.933460483587249,"Multivariate","Conditional","IRAK3"
"830",7.02834137848183e-72,0.765333952550641,"ENSG00000182718",2.90303843344325e-131,"Multivariate","Conditional","ANXA2"
"831",3.3690689786844e-66,0.765333952550641,"ENSG00000101182",8.49492938847827e-97,"Multivariate","Conditional","PSMA7"
"832",5.0098863575806e-46,0.765333952550641,"ENSG00000143401",1.03693318099149e-76,"Multivariate","Conditional","ANP32E"
"833",7.0493499299373e-43,0.765333952550641,"ENSG00000122565",2.35061943559092e-96,"Multivariate","Conditional","CBX3"
"834",4.41433714278699e-72,0.765333952550641,"ENSG00000197766",1.31050902932718e-119,"Multivariate","Conditional","CFD"
"835",1.01190197532147e-60,0.765333952550641,"ENSG00000129534",1.06645547212909e-94,"Multivariate","Conditional","MIS18BP1"
"836",9.75841381695833e-103,0.765333952550641,"ENSG00000115355",8.09936617346817e-157,"Multivariate","Conditional","CCDC88A"
"837",3.55029725825749e-19,0.765333952550641,"ENSG00000048740",1.58279282407046e-34,"Multivariate","Conditional","CELF2"
"838",1.77366982733282e-83,0.765333952550641,"ENSG00000197451",9.18613124535513e-137,"Multivariate","Conditional","HNRNPAB"
"839",0.0298094913180677,0.765333952550641,"ENSG00000115091",0.279667012813681,"Multivariate","Conditional","ACTR3"
"840",1.88260651104485e-84,0.765333952550641,"ENSG00000245910",5.70109245923607e-128,"Multivariate","Conditional",NA
"841",1.61712245635749e-53,0.765333952550641,"ENSG00000169564",6.04719111953751e-80,"Multivariate","Conditional","PCBP1"
"842",2.78098632187021e-92,0.765333952550641,"ENSG00000128951",4.08520292271799e-128,"Multivariate","Conditional","DUT"
"843",1.20188354718877e-14,0.765333952550641,"ENSG00000160255",3.85868159553977e-17,"Multivariate","Conditional","ITGB2"
"844",8.34976947527494e-07,0.765333952550641,"ENSG00000082074",5.45930099840017e-31,"Multivariate","Conditional","FYB1"
"845",1.94027699072656e-22,0.765333952550641,"ENSG00000147065",4.02170409377416e-29,"Multivariate","Conditional","MSN"
"846",3.69872418125978e-101,0.765333952550641,"ENSG00000173660",1.71540971504606e-143,"Multivariate","Conditional","UQCRH"
"847",6.4020424473409e-34,0.765333952550641,"ENSG00000204388",2.70568660856931e-70,"Multivariate","Conditional","HSPA1B"
"848",7.66557141031573e-60,0.765333952550641,"ENSG00000140319",4.30220091521775e-88,"Multivariate","Conditional","SRP14"
"849",6.13161148138345e-30,0.765333952550641,"ENSG00000062716",1.02703269962975e-58,"Multivariate","Conditional","VMP1"
"850",6.24921079961212e-26,0.765333952550641,"ENSG00000011198",1.67417347151225e-62,"Multivariate","Conditional","ABHD5"
"851",1.7605737838725e-101,0.765333952550641,"ENSG00000123349",4.94415201073736e-133,"Multivariate","Conditional","PFDN5"
"852",1.87477261352055e-17,0.765333952550641,"ENSG00000171051",7.73612358652303e-33,"Multivariate","Conditional","FPR1"
"853",0.000431922316662637,0.765333952550641,"ENSG00000143815",4.35924229673823e-07,"Multivariate","Conditional","LBR"
"854",1.52986045047046e-76,0.765333952550641,"ENSG00000075415",4.2742813960238e-124,"Multivariate","Conditional","SLC25A3"
"855",7.71259603557245e-36,0.765333952550641,"ENSG00000159140",8.08074820827001e-58,"Multivariate","Conditional","SON"
"856",9.20106592005609e-75,0.765333952550641,"ENSG00000105968",1.60539489002568e-117,"Multivariate","Conditional","H2AZ2"
"857",3.57443155511341e-107,0.765333952550641,"ENSG00000005022",9.69114627522051e-153,"Multivariate","Conditional","SLC25A5"
"858",1.5172665683508e-100,0.765333952550641,"ENSG00000152234",9.86901727777706e-138,"Multivariate","Conditional","ATP5F1A"
"859",4.54543303305844e-76,0.765333952550641,"ENSG00000099783",2.99779426903858e-113,"Multivariate","Conditional","HNRNPM"
"860",8.32745131435081e-122,0.765333952550641,"ENSG00000118520",2.52713910159884e-174,"Multivariate","Conditional","ARG1"
"861",7.76003534513959e-102,0.765333952550641,"ENSG00000169567",1.69018152388346e-148,"Multivariate","Conditional","HINT1"
"862",1.77890149013476e-101,0.765333952550641,"ENSG00000253729",1.98776646039704e-142,"Multivariate","Conditional","PRKDC"
"863",2.32129887304688e-64,0.765333952550641,"ENSG00000164733",5.57341898859772e-125,"Multivariate","Conditional","CTSB"
"864",6.26371591754685e-64,0.765333952550641,"ENSG00000196924",3.85573986451187e-93,"Multivariate","Conditional","FLNA"
"865",2.0637361155515e-22,0.765333952550641,"ENSG00000107372",5.24781999351558e-39,"Multivariate","Conditional","ZFAND5"
"866",4.20090300090586e-25,0.765333952550641,"ENSG00000134333",4.42632264746636e-37,"Multivariate","Conditional","LDHA"
"867",2.71791069116521e-37,0.765333952550641,"ENSG00000170540",2.50792058795451e-69,"Multivariate","Conditional","ARL6IP1"
"868",2.36694341072089e-119,0.765333952550641,"ENSG00000170515",8.55583971539e-161,"Multivariate","Conditional","PA2G4"
"869",1.37992681554926e-23,0.765333952550641,"ENSG00000204525",1.02330319594809e-33,"Multivariate","Conditional","HLA-C"
"870",2.48203594129067e-40,0.765333952550641,"ENSG00000054654",3.8609114826692e-98,"Multivariate","Conditional","SYNE2"
"871",1.01763812227417e-99,0.765333952550641,"ENSG00000158710",2.08219292112123e-149,"Multivariate","Conditional","TAGLN2"
"872",8.64228926642477e-132,0.765333952550641,"ENSG00000163453",2.30492856098078e-164,"Multivariate","Conditional","IGFBP7"
"873",1.37632406262919e-64,0.765333952550641,"ENSG00000148175",2.03490617626843e-132,"Multivariate","Conditional","STOM"
"874",6.89326844181844e-87,0.765333952550641,"ENSG00000176340",1.48158926906612e-136,"Multivariate","Conditional","COX8A"
"875",9.96195512746327e-82,0.765333952550641,"ENSG00000170315",7.65314422927697e-135,"Multivariate","Conditional","UBB"
"876",4.9457816441821e-131,0.765333952550641,"ENSG00000111716",1.23389742327282e-174,"Multivariate","Conditional","LDHB"
"877",7.54553488486211e-12,0.765333952550641,"ENSG00000177156",2.02022641608192e-16,"Multivariate","Conditional","TALDO1"
"878",1.11482561052736e-41,0.765333952550641,"ENSG00000085719",1.11669558880454e-103,"Multivariate","Conditional","CPNE3"
"879",6.59435607573248e-25,0.765333952550641,"ENSG00000138778",2.50044289881591e-45,"Multivariate","Conditional","CENPE"
"880",1.24609284454904e-101,0.765333952550641,"ENSG00000180879",5.52800580405877e-155,"Multivariate","Conditional","SSR4"
"881",0.0143205689547083,0.765333952550641,"ENSG00000111913",6.38024812571212e-10,"Multivariate","Conditional","RIPOR2"
"882",0.00155132748421779,0.765333952550641,"ENSG00000215301",6.32638892360719e-07,"Multivariate","Conditional","DDX3X"
"883",0.000123629505153232,0.765333952550641,"ENSG00000070831",5.32887894678301e-05,"Multivariate","Conditional","CDC42"
"884",4.85097980370247e-104,0.765333952550641,"ENSG00000169020",5.54480233739029e-151,"Multivariate","Conditional","ATP5ME"
"885",8.26635023419934e-26,0.765333952550641,"ENSG00000110321",1.13197192904652e-40,"Multivariate","Conditional","EIF4G2"
"886",1.95372845652686e-30,0.765333952550641,"ENSG00000139644",2.56943699629495e-41,"Multivariate","Conditional","TMBIM6"
"887",6.04406454356577e-73,0.765333952550641,"ENSG00000148154",1.42021628028125e-138,"Multivariate","Conditional","UGCG"
"888",1.10789007899925e-49,0.765333952550641,"ENSG00000185198",2.26869038706483e-85,"Multivariate","Conditional","PRSS57"
"889",0.685591465674503,0.765333952550641,"ENSG00000011600",0.445097122429029,"Multivariate","Conditional","TYROBP"
"890",5.04042568196057e-13,0.765333952550641,"ENSG00000184260",1.61072155058877e-28,"Multivariate","Conditional","H2AC20"
"891",5.03885585971816e-90,0.765333952550641,"ENSG00000110955",1.16806083283112e-130,"Multivariate","Conditional","ATP5F1B"
"892",1.52297811240361e-78,0.765333952550641,"ENSG00000115875",3.91655960532822e-125,"Multivariate","Conditional","SRSF7"
"893",3.71655944459355e-119,0.765333952550641,"ENSG00000132341",5.78818024178084e-159,"Multivariate","Conditional","RAN"
"894",8.95344227257635e-83,0.765333952550641,"ENSG00000104529",1.81657763060543e-112,"Multivariate","Conditional","EEF1D"
"895",5.14445073664081e-34,0.765333952550641,"ENSG00000088325",1.58013510352774e-73,"Multivariate","Conditional","TPX2"
"896",4.45787817895797e-98,0.765333952550641,"ENSG00000126267",1.07544994906577e-126,"Multivariate","Conditional","COX6B1"
"897",1.45506850115637e-18,0.765333952550641,"ENSG00000103187",3.18778167737711e-29,"Multivariate","Conditional","COTL1"
"898",0.0473120687326067,0.765333952550641,"ENSG00000100345",0.000109938612099057,"Multivariate","Conditional","MYH9"
"899",4.96375644135725e-108,0.765333952550641,"ENSG00000164919",7.9984587328761e-145,"Multivariate","Conditional","COX6C"
"900",0.0232974327322588,0.765333952550641,"ENSG00000204592",1.37990954833518e-07,"Multivariate","Conditional","HLA-E"
"901",1.14663443372568e-20,0.765333952550641,"ENSG00000130429",3.88162048308748e-40,"Multivariate","Conditional","ARPC1B"
"902",2.69068480882272e-69,0.765333952550641,"ENSG00000167978",2.43812705838286e-99,"Multivariate","Conditional","SRRM2"
"903",1.58977152736475e-40,0.765333952550641,"ENSG00000131051",7.85177633572434e-60,"Multivariate","Conditional","RBM39"
"904",1.85459862127385e-39,0.765333952550641,"ENSG00000005810",4.53818261629552e-77,"Multivariate","Conditional","MYCBP2"
"905",4.14037442956234e-44,0.765333952550641,"ENSG00000063046",1.43076370313446e-69,"Multivariate","Conditional","EIF4B"
"906",4.04528094607066e-109,0.765333952550641,"ENSG00000154518",2.57451775985886e-143,"Multivariate","Conditional","ATP5MC3"
"907",4.32025379864077e-44,0.765333952550641,"ENSG00000156411",1.21561932129145e-80,"Multivariate","Conditional","ATP5MJ"
"908",1.32189470517981e-36,0.765333952550641,"ENSG00000117523",3.38913775571771e-54,"Multivariate","Conditional","PRRC2C"
"909",5.46645653387803e-75,0.765333952550641,"ENSG00000135940",2.81282809000776e-111,"Multivariate","Conditional","COX5B"
"910",8.53079957918759e-07,0.765333952550641,"ENSG00000198604",4.04974768966759e-11,"Multivariate","Conditional","BAZ1A"
"911",6.41518127027504e-20,0.765333952550641,"ENSG00000146278",5.53068282387597e-24,"Multivariate","Conditional","PNRC1"
"912",7.72683086281621e-17,0.765333952550641,"ENSG00000177575",1.19872966925223e-45,"Multivariate","Conditional","CD163"
"913",1.79673382146049e-05,0.765333952550641,"ENSG00000067900",1.78734673028068e-06,"Multivariate","Conditional","ROCK1"
"914",9.31250257933996e-19,0.765333952550641,"ENSG00000079246",2.47554107147997e-23,"Multivariate","Conditional","XRCC5"
"915",0.0396454254879757,0.765333952550641,"ENSG00000102879",0.647143691228852,"Multivariate","Conditional","CORO1A"
"916",4.80429951258719e-122,0.765333952550641,"ENSG00000152082",9.50596505463645e-161,"Multivariate","Conditional","MZT2B"
"917",0.0535643006674434,0.765333952550641,"ENSG00000185862",3.02917245167537e-07,"Multivariate","Conditional","EVI2B"
"918",5.12266704363826e-12,0.765333952550641,"ENSG00000100201",2.5401731576148e-14,"Multivariate","Conditional","DDX17"
"919",1.1644130509736e-24,0.765333952550641,"ENSG00000168264",1.08604706847568e-34,"Multivariate","Conditional","IRF2BP2"
"920",2.89426536852138e-09,0.765333952550641,"ENSG00000178695",5.01695639115411e-23,"Multivariate","Conditional","KCTD12"
"921",3.21477248907772e-78,0.765333952550641,"ENSG00000102317",3.87689604966444e-107,"Multivariate","Conditional","RBM3"
"922",4.55611119435262e-71,0.765333952550641,"ENSG00000132646",3.21982020226261e-123,"Multivariate","Conditional","PCNA"
"923",0.00025853700287897,0.765333952550641,"ENSG00000143878",8.56247676913289e-16,"Multivariate","Conditional","RHOB"
"924",0.727405268601706,0.765333952550641,"ENSG00000117984",0.757355633451984,"Multivariate","Conditional","CTSD"
"925",3.26117070374081e-27,0.765333952550641,"ENSG00000139218",1.43978007783083e-39,"Multivariate","Conditional","SCAF11"
"926",0.231482870015096,0.765333952550641,"ENSG00000153113",0.116484212651838,"Multivariate","Conditional","CAST"
"927",4.82568944942207e-41,0.765333952550641,"ENSG00000197111",5.36055951050632e-72,"Multivariate","Conditional","PCBP2"
"928",4.41037990843919e-67,0.765333952550641,"ENSG00000089280",1.20519509756904e-101,"Multivariate","Conditional","FUS"
"929",0.00624977732719752,0.765333952550641,"ENSG00000111144",1.3101303473049e-10,"Multivariate","Conditional","LTA4H"
"930",7.20011685196141e-09,0.765333952550641,"ENSG00000106780",1.17887887049436e-25,"Multivariate","Conditional","MEGF9"
"931",8.47086606486817e-51,0.765333952550641,"ENSG00000136026",5.32079334375946e-82,"Multivariate","Conditional","CKAP4"
"932",2.78380682142967e-85,0.765333952550641,"ENSG00000196683",2.96701105243352e-114,"Multivariate","Conditional","TOMM7"
"933",5.62654286506234e-80,0.765333952550641,"ENSG00000197471",2.02395602399856e-110,"Multivariate","Conditional","SPN"
"934",0.114760118586777,0.765333952550641,"ENSG00000135535",0.0707582738728357,"Multivariate","Conditional","CD164"
"935",1.70985596222074e-96,0.765333952550641,"ENSG00000125944",3.11191207374564e-142,"Multivariate","Conditional","HNRNPR"
"936",1.14856338295024e-120,0.765333952550641,"ENSG00000137309",1.40690213416964e-156,"Multivariate","Conditional","HMGA1"
"937",3.72297251419112e-17,0.765333952550641,"ENSG00000130592",1.00368679661255e-18,"Multivariate","Conditional","LSP1"
"938",1.48329038581133e-52,0.765333952550641,"ENSG00000213719",1.32751845399798e-87,"Multivariate","Conditional","CLIC1"
"939",2.09155910827692e-42,0.765333952550641,"ENSG00000113387",4.82636730395372e-72,"Multivariate","Conditional","SUB1"
"940",2.82162940737924e-06,0.765333952550641,"ENSG00000151726",1.64469327715741e-19,"Multivariate","Conditional","ACSL1"
"941",5.34933574702299e-92,0.765333952550641,"ENSG00000110958",5.39814137841383e-131,"Multivariate","Conditional","PTGES3"
"942",2.51597603078113e-113,0.765333952550641,"ENSG00000178982",1.34425351393739e-148,"Multivariate","Conditional","EIF3K"
"943",1.49870710190685e-13,0.765333952550641,"ENSG00000188229",8.120948949446e-37,"Multivariate","Conditional","TUBB4B"
"944",1.51409538547098e-52,0.765333952550641,"ENSG00000188612",1.82954306535124e-84,"Multivariate","Conditional","SUMO2"
"945",9.04670381429223e-42,0.765333952550641,"ENSG00000136810",2.96329641022816e-61,"Multivariate","Conditional","TXN"
"946",2.65619809258081e-80,0.765333952550641,"ENSG00000189043",1.43645435834486e-98,"Multivariate","Conditional","NDUFA4"
"947",3.55429685195415e-48,0.765333952550641,"ENSG00000165025",2.59189388703505e-78,"Multivariate","Conditional","SYK"
"948",2.42309043330078e-33,0.765333952550641,"ENSG00000164111",2.63788834124951e-60,"Multivariate","Conditional","ANXA5"
"949",4.09268569718229e-80,0.765333952550641,"ENSG00000131174",4.41250503269457e-111,"Multivariate","Conditional","COX7B"
"950",8.06235182935154e-05,0.765333952550641,"ENSG00000196352",5.9486309335041e-11,"Multivariate","Conditional","CD55"
"951",2.39524325611319e-73,0.765333952550641,"ENSG00000120742",1.70929066012022e-103,"Multivariate","Conditional","SERP1"
"952",3.32682151815651e-88,0.765333952550641,"ENSG00000152795",2.5152016531069e-123,"Multivariate","Conditional","HNRNPDL"
"953",7.05728111419572e-70,0.765333952550641,"ENSG00000120694",6.91593568219111e-130,"Multivariate","Conditional","HSPH1"
"954",4.3388188717879e-80,0.765333952550641,"ENSG00000126777",1.13227540252183e-110,"Multivariate","Conditional","KTN1"
"955",1.65744462477047e-73,0.765333952550641,"ENSG00000165502",1.73059359437727e-109,"Multivariate","Conditional","RPL36AL"
"956",4.20324315684522e-56,0.765333952550641,"ENSG00000100504",5.35315390354888e-121,"Multivariate","Conditional","PYGL"
"957",1.50113549777372e-95,0.765333952550641,"ENSG00000155368",2.50866481598711e-131,"Multivariate","Conditional","DBI"
"958",1.61626080411894e-72,0.765333952550641,"ENSG00000234741",2.1395011045994e-95,"Multivariate","Conditional","GAS5"
"959",0.499333850651401,0.765333952550641,"ENSG00000005020",0.267005316942781,"Multivariate","Conditional","SKAP2"
"960",2.46847894092842e-93,0.765333952550641,"ENSG00000118705",3.57447807323924e-125,"Multivariate","Conditional","RPN2"
"961",1.75811228820134e-48,0.765333952550641,"ENSG00000198258",1.37621958272466e-80,"Multivariate","Conditional","UBL5"
"962",2.88266064332805e-48,0.765333952550641,"ENSG00000108424",2.08405269831685e-64,"Multivariate","Conditional","KPNB1"
"963",9.90070924119021e-85,0.765333952550641,"ENSG00000108953",6.03926205473701e-130,"Multivariate","Conditional","YWHAE"
"964",0.310074382697945,0.765333952550641,"ENSG00000109046",0.00031524403357954,"Multivariate","Conditional","WSB1"
"965",1.94565105271316e-33,0.765333952550641,"ENSG00000166801",1.65000835737313e-72,"Multivariate","Conditional","FAM111A"
"966",2.78292968330197e-55,0.765333952550641,"ENSG00000228253",5.70795767679999e-79,"Multivariate","Conditional","ATP8"
"967",1.06009907121786e-17,0.765333952550641,"ENSG00000142227",2.48800844515167e-38,"Multivariate","Conditional","EMP3"
"968",0.461281241276098,0.765333952550641,"ENSG00000119535",1.87792225311966e-05,"Multivariate","Conditional","CSF3R"
"969",3.0460943974886e-38,0.765333952550641,"ENSG00000086061",9.91747932174897e-67,"Multivariate","Conditional","DNAJA1"
"970",0.00741331124840985,0.765333952550641,"ENSG00000142657",1.44908843591168e-05,"Multivariate","Conditional","PGD"
"971",9.107687781316e-66,0.765333952550641,"ENSG00000147274",6.45148187531602e-97,"Multivariate","Conditional","RBMX"
"972",1.08391013038563e-58,0.765333952550641,"ENSG00000009307",1.26210623666835e-84,"Multivariate","Conditional","CSDE1"
"973",1.7052705635969e-120,0.765333952550641,"ENSG00000125743",7.15493051318725e-156,"Multivariate","Conditional","SNRPD2"
"974",9.80896619588521e-84,0.765333952550641,"ENSG00000135316",3.41084057741547e-125,"Multivariate","Conditional","SYNCRIP"
"975",2.68222952103152e-10,0.765333952550641,"ENSG00000101596",9.32082503750317e-18,"Multivariate","Conditional","SMCHD1"
"976",0.324009084842198,0.765333952550641,"ENSG00000119314",0.53121738027106,"Multivariate","Conditional","PTBP3"
"977",6.23838082239914e-60,0.765333952550641,"ENSG00000161547",1.70016904709983e-91,"Multivariate","Conditional","SRSF2"
"978",5.27908286224628e-80,0.765333952550641,"ENSG00000133226",4.64163878042967e-115,"Multivariate","Conditional","SRRM1"
"979",1.31253926452774e-19,0.765333952550641,"ENSG00000121552",9.22799853204845e-43,"Multivariate","Conditional","CSTA"
"980",8.37455064849868e-75,0.765333952550641,"ENSG00000127540",1.13990907363904e-107,"Multivariate","Conditional","UQCR11"
"981",9.04624599689667e-21,0.765333952550641,"ENSG00000176788",1.69470969135662e-63,"Multivariate","Conditional","BASP1"
"982",4.46338811713271e-20,0.765333952550641,"ENSG00000105887",3.21952361007804e-26,"Multivariate","Conditional","MTPN"
"983",9.44130980036219e-16,0.765333952550641,"ENSG00000132002",1.21722412407797e-38,"Multivariate","Conditional","DNAJB1"
"984",1.16959386846762e-58,0.765333952550641,"ENSG00000104408",9.63428169566268e-108,"Multivariate","Conditional","EIF3E"
"985",3.02658259815743e-09,0.765333952550641,"ENSG00000158869",9.36585002696227e-18,"Multivariate","Conditional","FCER1G"
"986",3.0505475968905e-105,0.765333952550641,"ENSG00000060138",4.89637727160033e-153,"Multivariate","Conditional","YBX3"
"987",2.37796610704819e-108,0.765333952550641,"ENSG00000132780",8.21705399960946e-152,"Multivariate","Conditional","NASP"
"988",5.2248581757502e-20,0.765333952550641,"ENSG00000137076",1.01977001802466e-29,"Multivariate","Conditional","TLN1"
"989",5.18587529314208e-49,0.765333952550641,"ENSG00000119707",7.77742662336684e-81,"Multivariate","Conditional","RBM25"
"990",3.26061940528073e-80,0.765333952550641,"ENSG00000124766",8.07027534509839e-144,"Multivariate","Conditional","SOX4"
"991",2.19452507787016e-59,0.765333952550641,"ENSG00000171530",8.2478031516086e-84,"Multivariate","Conditional","TBCA"
"992",7.56532149941333e-70,0.765333952550641,"ENSG00000167460",9.32816312351627e-115,"Multivariate","Conditional","TPM4"
"993",0.0152010419432385,0.765333952550641,"ENSG00000003402",7.62224269783729e-08,"Multivariate","Conditional","CFLAR"
"994",0.000127463931907381,0.765333952550641,"ENSG00000183688",2.04586001750744e-14,"Multivariate","Conditional","RFLNB"
"995",0.00114019082111973,0.765333952550641,"ENSG00000188404",0.346049529080427,"Multivariate","Conditional","SELL"
"996",2.20206490397051e-08,0.765333952550641,"ENSG00000116489",6.24374939048193e-11,"Multivariate","Conditional","CAPZA1"
"997",8.31845803643849e-81,0.765333952550641,"ENSG00000057608",4.5895397853919e-112,"Multivariate","Conditional","GDI2"
"998",4.28979907026775e-109,0.765333952550641,"ENSG00000164405",3.595160004866e-147,"Multivariate","Conditional","UQCRQ"
"999",4.65502936068635e-82,0.765333952550641,"ENSG00000105810",1.75459493114349e-117,"Multivariate","Conditional","CDK6"
"1000",1.38733170898354e-102,0.765333952550641,"ENSG00000130816",2.5384187415891e-155,"Multivariate","Conditional","DNMT1"
"1001",0.108215353830212,0.138882326670578,"ENSG00000143546",5.79017996876443e-106,"Univariate","Marginal","S100A8"
"1002",1.47359487694538e-10,0.0434072760090159,"ENSG00000090382",2.52004450165834e-75,"Univariate","Marginal","LYZ"
"1003",0.00639509182989214,0.152432412121104,"ENSG00000163220",8.4173355468323e-77,"Univariate","Marginal","S100A9"
"1004",0.0122670438937075,0.00352896041404953,"ENSG00000251562",3.70915351226779e-12,"Univariate","Marginal","MALAT1"
"1005",1.38341970376052e-09,0.00160588886944379,"ENSG00000210082",4.87709176603112e-83,"Univariate","Marginal",NA
"1006",0.794099367161235,0.215320144914269,"ENSG00000122862",7.99546632163327e-121,"Univariate","Marginal","SRGN"
"1007",0.0153256593443753,0.0353777416448071,"ENSG00000198804",1.02155630531453e-65,"Univariate","Marginal","COX1"
"1008",0.634613164436186,0.205049276602601,"ENSG00000196415",1.20723547978499e-111,"Univariate","Marginal","PRTN3"
"1009",0.000972865656915255,0.0154926000888008,"ENSG00000198938",9.95125048241138e-71,"Univariate","Marginal","COX3"
"1010",5.95313345781427e-08,0.0463370835507932,"ENSG00000198712",6.3962620485609e-85,"Univariate","Marginal","COX2"
"1011",0.253156160734523,0.242079276683025,"ENSG00000005381",8.33458014390925e-117,"Univariate","Marginal","MPO"
"1012",0.384166102252551,0.279213830208045,"ENSG00000137818",2.07450375267133e-162,"Univariate","Marginal","RPLP1"
"1013",0.376035949943089,-0.0190954396583671,"ENSG00000239839",0.38427296511283,"Univariate","Marginal","DEFA3"
"1014",0.40167786951674,0.0599638394637103,"ENSG00000163221",1.12230403157433e-71,"Univariate","Marginal","S100A12"
"1015",0.00653024422268273,-0.00196961140134731,"ENSG00000075624",0.0273659334751053,"Univariate","Marginal","ACTB"
"1016",9.38084817372394e-05,0.0109674576217531,"ENSG00000211459",9.17392467666307e-71,"Univariate","Marginal",NA
"1017",0.139818083592702,0.202235202590238,"ENSG00000012223",4.32753734014545e-153,"Univariate","Marginal","LTF"
"1018",0.000655042330191816,0.430206712437029,"ENSG00000187514",3.41880161333847e-166,"Univariate","Marginal","PTMA"
"1019",0.877518188619845,0.257438458072556,"ENSG00000156508",5.98500525174245e-148,"Univariate","Marginal","EEF1A1"
"1020",5.30853191077088e-08,0.00953240595111329,"ENSG00000198886",5.608215587023e-69,"Univariate","Marginal","ND4"
"1021",1.79767371689615e-06,0.419720800215875,"ENSG00000229117",1.02089296448888e-161,"Univariate","Marginal","RPL41"
"1022",0.0161497831390277,0.108969329393073,"ENSG00000198899",1.36097324257398e-91,"Univariate","Marginal","ATP6"
"1023",7.13804202690903e-12,0.469886750900202,"ENSG00000167526",5.90020929494596e-166,"Univariate","Marginal","RPL13"
"1024",2.72347601697575e-07,0.470451041674855,"ENSG00000142937",9.0654117585265e-166,"Univariate","Marginal","RPS8"
"1025",0.00253470613895911,0.0383729636550177,"ENSG00000198840",2.45160580673997e-65,"Univariate","Marginal","ND3"
"1026",0.00475786300467818,0.448845182375708,"ENSG00000112306",3.69315951802427e-164,"Univariate","Marginal","RPS12"
"1027",0.472236405229287,0.246909840890686,"ENSG00000197561",5.14641140342655e-123,"Univariate","Marginal","ELANE"
"1028",8.93016510706517e-10,0.477512239317757,"ENSG00000231500",6.9307449986946e-165,"Univariate","Marginal","RPS18"
"1029",3.35272347583773e-11,0.012372941390467,"ENSG00000133112",7.96020376613764e-94,"Univariate","Marginal","TPT1"
"1030",0.824015721516301,0.200934724541216,"ENSG00000197061",3.96880935669756e-120,"Univariate","Marginal","H4C3"
"1031",0.0019645485115717,0.398724343087318,"ENSG00000137154",5.86903248256141e-166,"Univariate","Marginal","RPS6"
"1032",0.28884063015175,0.186824489416295,"ENSG00000102837",6.34391425613175e-146,"Univariate","Marginal","OLFM4"
"1033",1.38264671866355e-06,0.431915661711703,"ENSG00000197756",6.58327000208624e-162,"Univariate","Marginal","RPL37A"
"1034",0.203614845558648,0.0798048275258429,"ENSG00000198888",1.97545625975355e-82,"Univariate","Marginal","ND1"
"1035",0.000131597869349096,0.0276736649004766,"ENSG00000245532",3.99898784155317e-38,"Univariate","Marginal","NEAT1"
"1036",0.834167233127456,0.226520577690019,"ENSG00000172232",3.20782098551855e-138,"Univariate","Marginal","AZU1"
"1037",0.0133786882870571,0.369448365181276,"ENSG00000108107",1.40265789376945e-162,"Univariate","Marginal","RPL28"
"1038",1.40409263300554e-08,0.475082188750815,"ENSG00000140988",1.20909389137118e-162,"Univariate","Marginal","RPS2"
"1039",3.3623561720727e-06,0.449800148719259,"ENSG00000213741",2.66881875025134e-158,"Univariate","Marginal","RPS29"
"1040",0.00351365579508697,0.394066867956629,"ENSG00000145592",4.7933032107241e-158,"Univariate","Marginal","RPL37"
"1041",0.487506540007174,0.304234969494289,"ENSG00000198918",1.86711138551233e-159,"Univariate","Marginal","RPL39"
"1042",0.00154735049932703,0.0170407346701365,"ENSG00000170345",7.53056488191144e-59,"Univariate","Marginal","FOS"
"1043",0.000942190038628259,0.100230188280613,"ENSG00000198763",4.25656842121685e-101,"Univariate","Marginal","ND2"
"1044",0.254952817832626,0.299278504737985,"ENSG00000164587",1.05793016435503e-159,"Univariate","Marginal","RPS14"
"1045",0.000243036112645297,0.0896891073759478,"ENSG00000087086",1.70523869256285e-129,"Univariate","Marginal","FTL"
"1046",0.0272130118150772,0.431797311781058,"ENSG00000142541",1.33799776713978e-158,"Univariate","Marginal","RPL13A"
"1047",4.49509005832191e-06,0.4211120093739,"ENSG00000105372",2.9360652093821e-166,"Univariate","Marginal","RPS19"
"1048",0.00482110222432082,0.0695543200443134,"ENSG00000198727",1.00736503396197e-74,"Univariate","Marginal","CYTB"
"1049",3.8509472129924e-07,0.415742847223817,"ENSG00000186468",5.93738495778391e-157,"Univariate","Marginal","RPS23"
"1050",2.8593785266991e-05,0.437860512368352,"ENSG00000177600",6.76256887845491e-162,"Univariate","Marginal","RPLP2"
"1051",0.0252041298643021,0.318751841628594,"ENSG00000138326",6.09512618030956e-163,"Univariate","Marginal","RPS24"
"1052",0.000281397675433507,-0.00321135389239241,"ENSG00000205542",3.41293614305953e-18,"Univariate","Marginal","TMSB4X"
"1053",1.16730835301006e-05,0.44360195408063,"ENSG00000147403",5.98414510557238e-160,"Univariate","Marginal","RPL10"
"1054",1.43256087951699e-11,0.480815944220549,"ENSG00000034510",1.16392333549177e-164,"Univariate","Marginal","TMSB10"
"1055",5.08140784147216e-06,0.42156626926881,"ENSG00000144713",3.79530358816637e-165,"Univariate","Marginal","RPL32"
"1056",0.000582176460119936,0.408323589087743,"ENSG00000108298",1.63628385507489e-164,"Univariate","Marginal","RPL19"
"1057",0.00183571528386688,0.430051068955256,"ENSG00000233927",4.33593304153575e-163,"Univariate","Marginal","RPS28"
"1058",9.33001935908196e-05,0.454709150064339,"ENSG00000149273",4.00083110148247e-164,"Univariate","Marginal","RPS3"
"1059",0.0955596821484713,0.353850017831701,"ENSG00000177954",5.99900496600888e-146,"Univariate","Marginal","RPS27"
"1060",0.286961716843395,0.394209441268306,"ENSG00000109475",8.72405360954178e-161,"Univariate","Marginal","RPL34"
"1061",0.116907894481363,0.387776147881501,"ENSG00000142534",1.52529261287685e-153,"Univariate","Marginal","RPS11"
"1062",2.44213314269624e-15,0.0231901008272435,"ENSG00000244734",3.02886566775061e-12,"Univariate","Marginal","HBB"
"1063",0.00102578165382422,0.385494990289526,"ENSG00000142676",9.30237668420522e-158,"Univariate","Marginal","RPL11"
"1064",0.00140601904457967,0.411163112413497,"ENSG00000145425",4.77431132771697e-158,"Univariate","Marginal","RPS3A"
"1065",2.19516880666337e-06,-0.00313066717550307,"ENSG00000166710",6.15298035786161e-44,"Univariate","Marginal","B2M"
"1066",0.312452819692056,0.0444712939596089,"ENSG00000100985",2.41134586590113e-85,"Univariate","Marginal","MMP9"
"1067",0.333940749830547,0.261857613622904,"ENSG00000124882",1.22369999930972e-164,"Univariate","Marginal","EREG"
"1068",0.16883105920834,0.176687905662667,"ENSG00000148346",1.56723277940599e-156,"Univariate","Marginal","LCN2"
"1069",2.2569781197205e-06,0.496500279953294,"ENSG00000171858",1.17369390932754e-165,"Univariate","Marginal","RPS21"
"1070",3.36280288958115e-11,0.0438936563457791,"ENSG00000111640",2.61705680547858e-120,"Univariate","Marginal","GAPDH"
"1071",7.7005938407235e-06,0.449398858029928,"ENSG00000197958",1.10331586012665e-161,"Univariate","Marginal","RPL12"
"1072",0.979779708994154,0.25955820996171,"ENSG00000019582",4.38852998849237e-142,"Univariate","Marginal","CD74"
"1073",0.00455996964790112,0.461532534634257,"ENSG00000105640",1.03878989236696e-165,"Univariate","Marginal","RPL18A"
"1074",0.000184404316173126,-0.00250564423003463,"ENSG00000026025",2.72898974290519e-10,"Univariate","Marginal","VIM"
"1075",0.0260854934197221,0.428017544478266,"ENSG00000089157",2.37909641878652e-170,"Univariate","Marginal","RPLP0"
"1076",0.0148126753719136,0.406603785109836,"ENSG00000143947",3.8182529224173e-158,"Univariate","Marginal","RPS27A"
"1077",6.70677823389238e-182,0.806204922756943,"ENSG00000118113",9.63349286443801e-163,"Univariate","Marginal","MMP8"
"1078",1.78923377900879e-05,0.386063566455842,"ENSG00000166441",7.23081248451351e-149,"Univariate","Marginal","RPL27A"
"1079",0.0843277055762841,0.331570854064426,"ENSG00000156482",2.21977740849627e-150,"Univariate","Marginal","RPL30"
"1080",0.00132425925641368,0.424329029216809,"ENSG00000130255",2.69423451511847e-163,"Univariate","Marginal","RPL36"
"1081",0.019334984224963,0.289535774600971,"ENSG00000122026",7.96231563787301e-145,"Univariate","Marginal","RPL21"
"1082",0.0339448625855413,0.353487897193549,"ENSG00000134419",5.24421641087418e-142,"Univariate","Marginal","RPS15A"
"1083",0.16850933935905,0.285729188559024,"ENSG00000080824",4.94195439955273e-143,"Univariate","Marginal","HSP90AA1"
"1084",0.00486494926792263,0.323647848909485,"ENSG00000008988",4.41255823742988e-137,"Univariate","Marginal","RPS20"
"1085",0.754332891679603,0.126380932323832,"ENSG00000257764",6.5816942043422e-46,"Univariate","Marginal",NA
"1086",6.05883796008324e-05,0.418461538172573,"ENSG00000115268",2.66194908401422e-159,"Univariate","Marginal","RPS15"
"1087",1.70360008053801e-05,0.425547875656001,"ENSG00000100316",7.02351603184253e-164,"Univariate","Marginal","RPL3"
"1088",0.00150301505816048,0.408178587941966,"ENSG00000148303",1.07316520231946e-161,"Univariate","Marginal","RPL7A"
"1089",0.000151068224539296,0.451631922454393,"ENSG00000110700",2.81220247035214e-162,"Univariate","Marginal","RPS13"
"1090",0.0134320582773035,0.413380477696218,"ENSG00000163682",5.29891005837664e-164,"Univariate","Marginal","RPL9"
"1091",0.0228599885636207,0.297017400532716,"ENSG00000125691",6.17746279020559e-137,"Univariate","Marginal","RPL23"
"1092",0.283474641448508,0.191560415849964,"ENSG00000198786",4.84101107213866e-97,"Univariate","Marginal","ND5"
"1093",0.0204116508761657,0.399076970119642,"ENSG00000161016",8.78388974039035e-163,"Univariate","Marginal","RPL8"
"1094",0.397562565706445,0.315043437168095,"ENSG00000089009",2.11184421242009e-154,"Univariate","Marginal","RPL6"
"1095",0.0005055133421886,0.396556183245652,"ENSG00000171863",1.33707208440246e-156,"Univariate","Marginal","RPS7"
"1096",6.67722992167628e-08,0.469767838446783,"ENSG00000136942",4.17924101653229e-165,"Univariate","Marginal","RPL35"
"1097",0.00347487568338934,0.342062127809215,"ENSG00000182899",1.25286815524286e-153,"Univariate","Marginal","RPL35A"
"1098",4.22882379205548e-05,0.392023258562411,"ENSG00000161970",6.62475132200503e-150,"Univariate","Marginal","RPL26"
"1099",0.964531298438443,0.000820358985581935,"ENSG00000197956",0.839325335072944,"Univariate","Marginal","S100A6"
"1100",0.000426314022319149,0.470003641782667,"ENSG00000105193",2.96996037087704e-163,"Univariate","Marginal","RPS16"
"1101",4.8041449674954e-05,0.365759065876151,"ENSG00000122406",2.22354405931119e-151,"Univariate","Marginal","RPL5"
"1102",0.0658037924066183,0.367273456953365,"ENSG00000198034",1.26807934543529e-162,"Univariate","Marginal","RPS4X"
"1103",0.000752330032299484,0.39425198294677,"ENSG00000174748",6.95143049499685e-155,"Univariate","Marginal","RPL15"
"1104",3.86132934485536e-09,0.466998770469368,"ENSG00000063177",2.4645152809255e-162,"Univariate","Marginal","RPL18"
"1105",2.9194706612146e-07,0.372621407451765,"ENSG00000172809",2.97647576599662e-151,"Univariate","Marginal","RPL38"
"1106",0.0225620892634472,0.370113448365262,"ENSG00000162244",1.18558902592135e-158,"Univariate","Marginal","RPL29"
"1107",0.00199803542593976,0.355084797813356,"ENSG00000198242",1.42594703197782e-158,"Univariate","Marginal","RPL23A"
"1108",0.000728100439105682,0.387840198039382,"ENSG00000170889",2.08059648676668e-155,"Univariate","Marginal","RPS9"
"1109",0.022454628918613,0.294543022131782,"ENSG00000189403",1.52010842361668e-147,"Univariate","Marginal","HMGB1"
"1110",0.966471983048665,0.0280923439594613,"ENSG00000196154",1.91881194599733e-27,"Univariate","Marginal","S100A4"
"1111",0.00010078436405814,0.129922879706498,"ENSG00000070756",6.12734410028197e-114,"Univariate","Marginal","PABPC1"
"1112",0.0792012178064654,0.330748779082862,"ENSG00000166598",7.77243711774073e-157,"Univariate","Marginal","HSP90B1"
"1113",0.662965180279166,0.0572153581107526,"ENSG00000164047",3.52995601827047e-131,"Univariate","Marginal","CAMP"
"1114",0.916557492267957,0.0522026254742931,"ENSG00000104918",2.18239616098588e-30,"Univariate","Marginal","RETN"
"1115",0.315540728887194,0.278450012918889,"ENSG00000179218",1.4483437485065e-157,"Univariate","Marginal","CALR"
"1116",0.0110566090132746,-0.00329607632136069,"ENSG00000184009",1.76638423169744e-21,"Univariate","Marginal","ACTG1"
"1117",1.33720021443853e-07,0.00545310843872282,"ENSG00000164104",1.26873243401205e-15,"Univariate","Marginal","HMGB2"
"1118",0.0020558342952995,0.0767290561517687,"ENSG00000122566",3.35305008731159e-78,"Univariate","Marginal","HNRNPA2B1"
"1119",1.02799371085273e-05,0.418040478527863,"ENSG00000168028",3.40360350717861e-167,"Univariate","Marginal","RPSA"
"1120",0.878944800796744,0.360675401885739,"ENSG00000188846",1.04448133595674e-152,"Univariate","Marginal","RPL14"
"1121",0.272631010027612,0.308225653231457,"ENSG00000123416",1.75128433273283e-152,"Univariate","Marginal","TUBA1B"
"1122",0.0857449726290599,0.213718021704819,"ENSG00000221983",7.60895126222098e-144,"Univariate","Marginal","UBA52"
"1123",0.00521874280144744,0.361355564219763,"ENSG00000147604",3.14153648507137e-156,"Univariate","Marginal","RPL7"
"1124",0.651845109215519,0.0752334901703483,"ENSG00000115590",4.5306796874441e-58,"Univariate","Marginal","IL1R2"
"1125",4.71979267737959e-06,0.0120005968674374,"ENSG00000067082",5.69612026201504e-44,"Univariate","Marginal","KLF6"
"1126",0.994605314696502,0.00176521528663879,"ENSG00000164821",9.44327585657184e-06,"Univariate","Marginal","DEFA4"
"1127",8.18632432438797e-05,0.000834105626836722,"ENSG00000135046",2.46628029191558e-07,"Univariate","Marginal","ANXA1"
"1128",0.131120935258325,0.141137238911169,"ENSG00000153187",2.23774056124666e-86,"Univariate","Marginal","HNRNPU"
"1129",0.303846568075773,0.221404746033291,"ENSG00000198830",6.46368320929824e-103,"Univariate","Marginal","HMGN2"
"1130",1.91707457354851e-05,0.423566809955016,"ENSG00000118181",3.54098409852453e-153,"Univariate","Marginal","RPS25"
"1131",0.0876502376035495,0.395594264252936,"ENSG00000198755",3.21077253224051e-166,"Univariate","Marginal","RPL10A"
"1132",2.25883015825037e-05,0.345212575501068,"ENSG00000204628",4.15493579822373e-152,"Univariate","Marginal","RACK1"
"1133",5.02209807050719e-07,0.0558896400540554,"ENSG00000104904",1.09750091812029e-90,"Univariate","Marginal","OAZ1"
"1134",0.184181743599904,0.204598475681742,"ENSG00000100097",2.85713241841873e-94,"Univariate","Marginal","LGALS1"
"1135",0.167532573612737,0.129844850799517,"ENSG00000163563",7.92310400605744e-29,"Univariate","Marginal","MNDA"
"1136",0.0205443461683479,0.15844626889927,"ENSG00000131469",6.22209491397544e-123,"Univariate","Marginal","RPL27"
"1137",0.000601602687600203,0.371886070664905,"ENSG00000149806",2.42112039298291e-146,"Univariate","Marginal","FAU"
"1138",0.0194991584020707,0.0533564727459883,"ENSG00000130066",5.46591494817958e-63,"Univariate","Marginal","SAT1"
"1139",0.00776478671565984,0.00687916032270523,"ENSG00000108518",3.49099557309675e-38,"Univariate","Marginal","PFN1"
"1140",0.00645561941941129,0.327867575536601,"ENSG00000074800",2.19350983000275e-153,"Univariate","Marginal","ENO1"
"1141",0.406013640875684,0.171608825935558,"ENSG00000148773",1.15150522248999e-91,"Univariate","Marginal","MKI67"
"1142",0.0540987985511119,0.345330151375372,"ENSG00000083845",4.3564971378258e-169,"Univariate","Marginal","RPS5"
"1143",0.752419826788427,0.0995102103153226,"ENSG00000100448",6.37642490937781e-93,"Univariate","Marginal","CTSG"
"1144",0.00241247172861232,0.357464035105579,"ENSG00000071082",6.67658022035863e-150,"Univariate","Marginal","RPL31"
"1145",0.000904058769447983,0.0623892196366888,"ENSG00000120129",7.37792177951386e-56,"Univariate","Marginal","DUSP1"
"1146",0.000796539999450179,0.369469554562531,"ENSG00000114391",5.94919674302916e-151,"Univariate","Marginal","RPL24"
"1147",4.02884862263027e-06,0.0315698115926701,"ENSG00000172757",7.63711903497341e-56,"Univariate","Marginal","CFL1"
"1148",3.51329609330855e-05,0.00238216020210226,"ENSG00000138071",4.5962399254489e-12,"Univariate","Marginal","ACTR2"
"1149",0.947400648106347,0.237336058221756,"ENSG00000177606",8.08687042036507e-109,"Univariate","Marginal","JUN"
"1150",0.125802007113471,0.192551834813361,"ENSG00000109321",4.39841839169196e-100,"Univariate","Marginal","AREG"
"1151",0.00535607191715809,0.122946847343726,"ENSG00000038427",1.84740615620185e-71,"Univariate","Marginal","VCAN"
"1152",0.824462017722319,0.243389279280159,"ENSG00000044574",1.60648129496968e-129,"Univariate","Marginal","HSPA5"
"1153",0.00046186432240383,0.381302694289666,"ENSG00000174444",8.28720123542614e-162,"Univariate","Marginal","RPL4"
"1154",0.30180300793085,0.0278580010913051,"ENSG00000234745",8.91102577101796e-36,"Univariate","Marginal","HLA-B"
"1155",0.0145205110535181,0.0361582737405998,"ENSG00000185201",9.13654380470357e-53,"Univariate","Marginal","IFITM2"
"1156",0.813840153435939,0.193981466400971,"ENSG00000096060",2.5480568125787e-98,"Univariate","Marginal","FKBP5"
"1157",0.0142960202594304,0.321041695923452,"ENSG00000196262",8.3254515847362e-162,"Univariate","Marginal","PPIA"
"1158",0.034674701063683,0.352661764449935,"ENSG00000065978",7.22685566931569e-157,"Univariate","Marginal","YBX1"
"1159",0.363214287941677,0.196424561094158,"ENSG00000196230",2.33100510829081e-137,"Univariate","Marginal","TUBB"
"1160",0.0675250282794438,0.077854788619741,"ENSG00000169429",4.10916219673496e-37,"Univariate","Marginal","CXCL8"
"1161",0.863553329789733,0.103694975908141,"ENSG00000131747",1.85469117672996e-88,"Univariate","Marginal","TOP2A"
"1162",0.048032428666466,-0.000810957943808739,"ENSG00000136167",4.61278089921481e-06,"Univariate","Marginal","LCP1"
"1163",0.0023261735286556,0.248145866106154,"ENSG00000169385",8.43589136853058e-129,"Univariate","Marginal","RNASE2"
"1164",0.222689219334689,0.139750179548834,"ENSG00000140264",1.03299787562913e-138,"Univariate","Marginal","SERF2"
"1165",0.713454653407316,0.287517796868047,"ENSG00000096384",1.16000476407486e-164,"Univariate","Marginal","HSP90AB1"
"1166",0.00398110754292208,0.335836229582482,"ENSG00000114942",1.72298601271784e-164,"Univariate","Marginal","EEF1B2"
"1167",0.00939050242198253,0.0596584534436201,"ENSG00000021355",1.06860384244268e-42,"Univariate","Marginal","SERPINB1"
"1168",1.19558000786894e-06,0.0434262494728281,"ENSG00000143549",1.56873146878464e-44,"Univariate","Marginal","TPM3"
"1169",0.253685963902206,0.31132822312222,"ENSG00000152518",1.07440797293285e-137,"Univariate","Marginal","ZFP36L2"
"1170",0.007285772615046,0.304848076129882,"ENSG00000196531",4.18381704132562e-142,"Univariate","Marginal","NACA"
"1171",0.815307219148204,0.251748584378588,"ENSG00000175061",1.11048736631877e-120,"Univariate","Marginal","SNHG29"
"1172",4.66097830307618e-177,0.75938960002061,"ENSG00000008438",3.42397999279632e-163,"Univariate","Marginal","PGLYRP1"
"1173",0.0161308071416169,0.0101905528009197,"ENSG00000163041",5.0225521059701e-13,"Univariate","Marginal","H3-3A"
"1174",0.59063823978562,0.344501300316552,"ENSG00000164032",2.94724898843373e-144,"Univariate","Marginal","H2AZ1"
"1175",0.808324441505789,0.113406532361855,"ENSG00000125740",4.5171485365238e-71,"Univariate","Marginal","FOSB"
"1176",0.018056692867998,0.0487502960497348,"ENSG00000124172",6.69712039981629e-92,"Univariate","Marginal","ATP5F1E"
"1177",0.0197851898948342,0.162651834042187,"ENSG00000167996",3.34286287033666e-77,"Univariate","Marginal","FTH1"
"1178",0.666426071419173,0.00308178765382127,"ENSG00000092841",0.701728361149517,"Univariate","Marginal","MYL6"
"1179",0.713157900662001,0.332214644813034,"ENSG00000135486",4.90884181380861e-166,"Univariate","Marginal","HNRNPA1"
"1180",0.0112008259953376,0.355346886114912,"ENSG00000116251",3.95950804370146e-154,"Univariate","Marginal","RPL22"
"1181",0.000388879895980342,0.00530820186943229,"ENSG00000206503",2.03409057042458e-52,"Univariate","Marginal","HLA-A"
"1182",0.122806489637429,0.0498768155453872,"ENSG00000051523",6.71533608661204e-59,"Univariate","Marginal","CYBA"
"1183",0.0636888322457328,0.126306581715373,"ENSG00000267519",1.06887055430289e-58,"Univariate","Marginal",NA
"1184",0.842736419977867,0.322033076959161,"ENSG00000124795",5.18789150030716e-156,"Univariate","Marginal","DEK"
"1185",0.830102537529176,0.127317312689581,"ENSG00000187837",4.17161079668474e-56,"Univariate","Marginal","H1-2"
"1186",0.0661531409377023,0.291702958486948,"ENSG00000181163",3.3770353786496e-139,"Univariate","Marginal","NPM1"
"1187",0.976190799470399,0.380482611338587,"ENSG00000233276",3.99217085063114e-173,"Univariate","Marginal","GPX1"
"1188",0.249417526136018,0.346303846803509,"ENSG00000115053",6.07963870614385e-153,"Univariate","Marginal","NCL"
"1189",0.0339048070673496,0.133828326858142,"ENSG00000149516",7.23840797160637e-80,"Univariate","Marginal","MS4A3"
"1190",0.725232456077173,0.374255292784184,"ENSG00000084207",4.62077471040198e-169,"Univariate","Marginal","GSTP1"
"1191",0.000304341519148025,0.210672524172696,"ENSG00000115271",3.5255119677058e-106,"Univariate","Marginal","GCA"
"1192",0.420296684363618,0.143641245619138,"ENSG00000117724",8.05363242129849e-90,"Univariate","Marginal","CENPF"
"1193",0.397550979680978,0.14684366001512,"ENSG00000204287",8.44984977781753e-143,"Univariate","Marginal","HLA-DRA"
"1194",0.448981977489819,0.0693008985037004,"ENSG00000100906",3.82219965324873e-39,"Univariate","Marginal","NFKBIA"
"1195",0.0135669970055668,0.310607390169035,"ENSG00000187109",3.87794898901163e-149,"Univariate","Marginal","NAP1L1"
"1196",2.55038923946039e-08,0.00365770092886247,"ENSG00000188536",2.4044829399134e-08,"Univariate","Marginal","HBA2"
"1197",0.691891987234198,0.217841982882014,"ENSG00000124614",1.19594564036366e-132,"Univariate","Marginal","RPS10"
"1198",0.167383498445184,0.0278642953209029,"ENSG00000132475",2.96828169556827e-63,"Univariate","Marginal","H3-3B"
"1199",0.0719944458677928,0.152224781865544,"ENSG00000212907",1.90755069181969e-78,"Univariate","Marginal","ND4L"
"1200",0.561245475183473,0.314553186097229,"ENSG00000119335",1.12012112483794e-156,"Univariate","Marginal","SET"
"1201",0.0148587767636993,0.0138895775410723,"ENSG00000108654",3.58692115231887e-22,"Univariate","Marginal","DDX5"
"1202",0.118219996002248,0.291197101773648,"ENSG00000109971",1.11898701791089e-130,"Univariate","Marginal","HSPA8"
"1203",0.489558702057585,0.0312910207170384,"ENSG00000144802",1.19924809323653e-19,"Univariate","Marginal","NFKBIZ"
"1204",0.522028201191795,0.0157317506705083,"ENSG00000291237",6.44982132029518e-09,"Univariate","Marginal",NA
"1205",8.80728065148112e-187,0.548992965171889,"ENSG00000096006",1.19177376049164e-142,"Univariate","Marginal","CRISP3"
"1206",1.3219211597428e-171,0.868416642469783,"ENSG00000272398",7.94403756801938e-168,"Univariate","Marginal","CD24"
"1207",0.784027047967273,-0.00308746564137014,"ENSG00000105835",0.00377898355877918,"Univariate","Marginal","NAMPT"
"1208",0.00104101074522873,0.0169611979770337,"ENSG00000163466",1.85450133466681e-26,"Univariate","Marginal","ARPC2"
"1209",0.00644572521694322,0.263170254452776,"ENSG00000107581",5.75618586547206e-131,"Univariate","Marginal","EIF3A"
"1210",0.316982143908946,0.00284306372776387,"ENSG00000100300",0.000163573799664172,"Univariate","Marginal","TSPO"
"1211",0.165692217025936,0.29916047921007,"ENSG00000127022",2.4940627918533e-119,"Univariate","Marginal","CANX"
"1212",1.53766625511671e-07,0.0128298687628666,"ENSG00000173812",1.50562745190808e-44,"Univariate","Marginal","EIF1"
"1213",0.782855150999832,0.0257118570660755,"ENSG00000160888",3.94256455059103e-25,"Univariate","Marginal","IER2"
"1214",0.98039475067779,0.241719163979161,"ENSG00000131143",1.16697877883923e-142,"Univariate","Marginal","COX4I1"
"1215",0.000224708187714793,0.0273486290516346,"ENSG00000142669",7.60779137862357e-41,"Univariate","Marginal","SH3BGRL3"
"1216",0.809869549850785,0.209251569621786,"ENSG00000113648",1.28788663770529e-111,"Univariate","Marginal","MACROH2A1"
"1217",0.237050302184156,0.195271250629585,"ENSG00000163993",7.91868495954182e-152,"Univariate","Marginal","S100P"
"1218",0.466711842589261,0.204752157960749,"ENSG00000136938",4.36759661952201e-126,"Univariate","Marginal","ANP32B"
"1219",4.66050525299532e-06,0.0185634830223609,"ENSG00000111348",9.64127041085358e-31,"Univariate","Marginal","ARHGDIB"
"1220",0.620386040053966,0.205556895576386,"ENSG00000132965",7.33125500454006e-123,"Univariate","Marginal","ALOX5AP"
"1221",0.0986385075277271,0.279983796834282,"ENSG00000169554",5.33226414610462e-131,"Univariate","Marginal","ZEB2"
"1222",0.277254859263481,0.250358573733708,"ENSG00000070081",1.29877289766369e-120,"Univariate","Marginal","NUCB2"
"1223",0.0556401755322566,0.264409405500662,"ENSG00000142864",2.40381218878695e-129,"Univariate","Marginal","SERBP1"
"1224",0.339121904924078,0.325433716026526,"ENSG00000203875",1.05436905386046e-153,"Univariate","Marginal","SNHG5"
"1225",0.955403516276584,0.01581885806322,"ENSG00000081237",9.70267358403988e-12,"Univariate","Marginal","PTPRC"
"1226",0.407931927590039,0.00432872271559524,"ENSG00000163191",0.161665176447206,"Univariate","Marginal","S100A11"
"1227",0.0278450150341205,0.389314202516912,"ENSG00000167658",7.65182006895188e-144,"Univariate","Marginal","EEF2"
"1228",0.802959934481375,0.300262480639654,"ENSG00000069275",9.37539732747567e-160,"Univariate","Marginal","NUCKS1"
"1229",0.723173970785972,0.121927850078042,"ENSG00000165168",3.31649273940051e-74,"Univariate","Marginal","CYBB"
"1230",2.54325443280521e-05,0.350243601799259,"ENSG00000182774",2.65891724536286e-156,"Univariate","Marginal","RPS17"
"1231",0.0505401308628052,0.127006591250338,"ENSG00000147649",1.85395600991073e-98,"Univariate","Marginal","MTDH"
"1232",0.344939283319537,0.151035427686176,"ENSG00000168298",8.18873371156765e-84,"Univariate","Marginal","H1-4"
"1233",0.0404109554407537,0.0136473045809626,"ENSG00000143384",3.51537391436443e-18,"Univariate","Marginal","MCL1"
"1234",0.500293552671885,0.155606086032701,"ENSG00000145287",2.47527755507984e-82,"Univariate","Marginal","PLAC8"
"1235",0.0044985744045363,0.000498498965318484,"ENSG00000140575",0.00278711130721926,"Univariate","Marginal","IQGAP1"
"1236",0.182505666707296,0.224559932683901,"ENSG00000101439",9.06062793614508e-123,"Univariate","Marginal","CST3"
"1237",0.182619274379405,0.0336987351044325,"ENSG00000163131",1.24969242472001e-12,"Univariate","Marginal","CTSS"
"1238",0.351009239529906,0.133506905753555,"ENSG00000067225",2.55375093883374e-97,"Univariate","Marginal","PKM"
"1239",0.386314842179824,0.0328571430305605,"ENSG00000143933",1.60326398205272e-23,"Univariate","Marginal","CALM2"
"1240",0.485225016889048,0.128623080011377,"ENSG00000152601",1.40919241931321e-61,"Univariate","Marginal","MBNL1"
"1241",0.783583430375989,0.104620512389034,"ENSG00000204936",3.45375430427601e-127,"Univariate","Marginal","CD177"
"1242",0.159770569252884,0.0442347876739893,"ENSG00000059804",3.28229559839539e-34,"Univariate","Marginal","SLC2A3"
"1243",0.1371833621938,0.206468232244789,"ENSG00000184897",3.96949601019336e-108,"Univariate","Marginal","H1-10"
"1244",4.66746254116522e-07,0.0248346890640603,"ENSG00000150991",7.54272827250738e-58,"Univariate","Marginal","UBC"
"1245",1.4942320692318e-05,0.0394293541037655,"ENSG00000166913",1.19708073508626e-44,"Univariate","Marginal","YWHAB"
"1246",0.186106049247294,0.16760444263077,"ENSG00000085265",9.11488357262664e-85,"Univariate","Marginal","FCN1"
"1247",0.019912901626371,0.191868406823315,"ENSG00000124942",1.89040768412085e-148,"Univariate","Marginal","AHNAK"
"1248",0.000353114833079636,-0.00113411517880541,"ENSG00000198668",0.0431725659701925,"Univariate","Marginal","CALM1"
"1249",0.189473667834067,0.0339670697281165,"ENSG00000131236",9.37320311060274e-06,"Univariate","Marginal","CAP1"
"1250",0.711158340432985,0.00236260311223897,"ENSG00000163660",0.00126647379805503,"Univariate","Marginal","CCNL1"
"1251",0.131661379630231,0.0640946089492617,"ENSG00000127528",3.72457845711511e-27,"Univariate","Marginal","KLF2"
"1252",0.883018590803189,0.0250500787994958,"ENSG00000162704",0.000446328280649351,"Univariate","Marginal","ARPC5"
"1253",0.222845568134878,0.207780927897612,"ENSG00000092199",2.65323898047873e-119,"Univariate","Marginal","HNRNPC"
"1254",0.761253365628376,0.0808596141117791,"ENSG00000066279",3.60486302244638e-55,"Univariate","Marginal","ASPM"
"1255",0.000734973731662854,0.00471417380668343,"ENSG00000204389",4.2217334954275e-08,"Univariate","Marginal","HSPA1A"
"1256",0.342701142743765,0.26967531609811,"ENSG00000197728",5.20256452211766e-138,"Univariate","Marginal","RPS26"
"1257",0.0623524563785542,0.182392512147074,"ENSG00000087460",7.24396513300704e-110,"Univariate","Marginal","GNAS"
"1258",0.716751887899674,0.286436321078837,"ENSG00000117632",6.81680727127696e-166,"Univariate","Marginal","STMN1"
"1259",0.762406232022351,0.252940180930157,"ENSG00000144381",1.084205735546e-143,"Univariate","Marginal","HSPD1"
"1260",0.0208282307371461,0.163620486725694,"ENSG00000197747",7.6764977490705e-101,"Univariate","Marginal","S100A10"
"1261",0.00640720223098411,0.348445551574996,"ENSG00000166794",2.41066806167467e-153,"Univariate","Marginal","PPIB"
"1262",0.217025147384621,0.0814401524116412,"ENSG00000136527",2.56246082261221e-48,"Univariate","Marginal","TRA2B"
"1263",6.12403491304636e-08,0.0071427931843051,"ENSG00000163931",1.10112842230907e-20,"Univariate","Marginal","TKT"
"1264",0.00223756770263144,0.380651417502945,"ENSG00000135390",6.41274834045935e-158,"Univariate","Marginal","ATP5MC2"
"1265",0.711107532712863,0.0607727536307527,"ENSG00000130522",4.36616275953567e-54,"Univariate","Marginal","JUND"
"1266",0.3652131635618,0.256092692388,"ENSG00000170144",3.09866275637538e-121,"Univariate","Marginal","HNRNPA3"
"1267",0.103948949901629,0.125248063258514,"ENSG00000121316",1.26031337306353e-78,"Univariate","Marginal","PLBD1"
"1268",0.148866018959918,0.111136227307191,"ENSG00000077984",6.62638633963602e-52,"Univariate","Marginal","CST7"
"1269",9.23116105257079e-05,0.0205545045848799,"ENSG00000124831",1.16497386886623e-36,"Univariate","Marginal","LRRFIP1"
"1270",0.0950520634485443,0.372414165790798,"ENSG00000118640",7.29783202169451e-165,"Univariate","Marginal","VAMP8"
"1271",0.153607559261434,0.0426676824045814,"ENSG00000157514",6.49658778397826e-56,"Univariate","Marginal","TSC22D3"
"1272",0.781814526280429,0.10906629817326,"ENSG00000221869",1.77044164542746e-71,"Univariate","Marginal","CEBPD"
"1273",0.692789625752337,0.0115773986399937,"ENSG00000179869",5.19252493185092e-90,"Univariate","Marginal","ABCA13"
"1274",0.462597470603132,0.230570978181171,"ENSG00000205581",1.52867921516829e-118,"Univariate","Marginal","HMGN1"
"1275",0.325466808677419,0.180286672572738,"ENSG00000165119",3.89915660645227e-72,"Univariate","Marginal","HNRNPK"
"1276",0.0828683311925509,0.026064504607027,"ENSG00000121966",1.08745160153841e-20,"Univariate","Marginal","CXCR4"
"1277",0.00723457498587978,0.269097828805006,"ENSG00000110077",2.63601046976179e-115,"Univariate","Marginal","MS4A6A"
"1278",0.168114976298685,0.164183035577841,"ENSG00000124575",2.36312123114801e-77,"Univariate","Marginal","H1-3"
"1279",0.293330020775991,0.206781952761536,"ENSG00000131018",1.13593118785867e-156,"Univariate","Marginal","SYNE1"
"1280",0.536451219923705,0.211965788033482,"ENSG00000111669",1.1196185037377e-137,"Univariate","Marginal","TPI1"
"1281",0.114085035819851,0.22223201469729,"ENSG00000159339",8.47960218024466e-137,"Univariate","Marginal","PADI4"
"1282",0.356190515581191,0.225781484859748,"ENSG00000112081",3.25371118430547e-125,"Univariate","Marginal","SRSF3"
"1283",0.507555341762569,0.045954990920356,"ENSG00000120738",2.01828230044027e-25,"Univariate","Marginal","EGR1"
"1284",1.92816497577756e-07,0.00924663136304063,"ENSG00000114353",1.48054240987147e-31,"Univariate","Marginal","GNAI2"
"1285",0.0436251987433225,0.18270270229659,"ENSG00000135821",5.8570233726094e-85,"Univariate","Marginal","GLUL"
"1286",0.060647341310407,0.257505542012292,"ENSG00000240972",6.02396015169617e-165,"Univariate","Marginal","MIF"
"1287",0.149217686780686,0.282581839049595,"ENSG00000101347",8.70919388995338e-148,"Univariate","Marginal","SAMHD1"
"1288",0.201755641993784,0.251999706642269,"ENSG00000105472",5.47030216759743e-160,"Univariate","Marginal","CLEC11A"
"1289",0.643067568272932,0.269711406782018,"ENSG00000106153",2.42529164796233e-130,"Univariate","Marginal","CHCHD2"
"1290",0.442043444843729,0.129107563068748,"ENSG00000067560",7.60520864899717e-67,"Univariate","Marginal","RHOA"
"1291",0.58820401610798,0.249193062890693,"ENSG00000127184",6.44110482468237e-125,"Univariate","Marginal","COX7C"
"1292",0.695132776398996,0.000486387932602016,"ENSG00000171223",0.126572539432097,"Univariate","Marginal","JUNB"
"1293",0.424509860217705,0.165177042773468,"ENSG00000124469",1.07317190914357e-138,"Univariate","Marginal","CEACAM8"
"1294",0.00285812967901356,-6.34223681173226e-05,"ENSG00000030582",1.04930534535888e-07,"Univariate","Marginal","GRN"
"1295",0.566386445658428,0.0960293836763326,"ENSG00000184357",7.44697659866934e-66,"Univariate","Marginal","H1-5"
"1296",1.32883224951922e-08,0.0100991509272255,"ENSG00000206172",1.16271228432762e-06,"Univariate","Marginal","HBA1"
"1297",0.298381190132185,0.112574667773158,"ENSG00000121691",2.45284179638779e-54,"Univariate","Marginal","CAT"
"1298",0.00667168052957105,0.333593091600509,"ENSG00000185624",1.03970396299668e-139,"Univariate","Marginal","P4HB"
"1299",0.00179783993983506,0.311759926485416,"ENSG00000167004",1.49121281189984e-145,"Univariate","Marginal","PDIA3"
"1300",0.708808802373676,0.149958170768002,"ENSG00000113810",1.45363637277831e-91,"Univariate","Marginal","SMC4"
"1301",0.31436903224386,0.0131628568793816,"ENSG00000111229",7.66045073531378e-36,"Univariate","Marginal","ARPC3"
"1302",0.21967716642516,0.0195558429656447,"ENSG00000265972",8.5660878923478e-13,"Univariate","Marginal","TXNIP"
"1303",0.84566089573829,0.172394425978096,"ENSG00000169045",9.36688645687721e-79,"Univariate","Marginal","HNRNPH1"
"1304",0.314858246552292,0.247370439993488,"ENSG00000120802",5.42771097805597e-153,"Univariate","Marginal","TMPO"
"1305",0.00106220626191634,0.0213254973754892,"ENSG00000162511",1.12733699560399e-47,"Univariate","Marginal","LAPTM5"
"1306",0.0354906931506136,0.000153887982486583,"ENSG00000164924",0.000632941942554766,"Univariate","Marginal","YWHAZ"
"1307",0.0716735791777867,0.225527432451183,"ENSG00000138668",7.08991128558657e-116,"Univariate","Marginal","HNRNPD"
"1308",0.00200918979245712,0.021045818121852,"ENSG00000135404",1.14298996168937e-36,"Univariate","Marginal","CD63"
"1309",0.088066421643141,0.26336003485673,"ENSG00000156467",1.14192587162689e-128,"Univariate","Marginal","UQCRB"
"1310",0.454978997006763,0.221231463536365,"ENSG00000145741",1.71202978338714e-123,"Univariate","Marginal","BTF3"
"1311",0.0439555727153393,0.0270251721559502,"ENSG00000143669",1.69903053797938e-27,"Univariate","Marginal","LYST"
"1312",0.0802430601744352,0.050544449325761,"ENSG00000128016",3.81413372646495e-33,"Univariate","Marginal","ZFP36"
"1313",0.611825399860239,0.331937803822672,"ENSG00000241343",9.98192436445234e-167,"Univariate","Marginal","RPL36A"
"1314",0.978807259796096,0.149687078066158,"ENSG00000118503",8.14589201320689e-68,"Univariate","Marginal","TNFAIP3"
"1315",0.420825000531514,0.186861219304519,"ENSG00000116560",1.31526989210266e-89,"Univariate","Marginal","SFPQ"
"1316",0.47887953491949,0.028303940313579,"ENSG00000101608",4.46918763492447e-10,"Univariate","Marginal","MYL12A"
"1317",0.00527488726909006,0.046686616943771,"ENSG00000102144",6.02310908888725e-48,"Univariate","Marginal","PGK1"
"1318",0.000346862584871909,0.000993278886499158,"ENSG00000133639",3.57452587716492e-08,"Univariate","Marginal","BTG1"
"1319",0.000159904524870609,0.0619634621511126,"ENSG00000164754",1.96361968845596e-40,"Univariate","Marginal","RAD21"
"1320",0.204235463722643,0.258597342951145,"ENSG00000084234",1.47775568045247e-111,"Univariate","Marginal","APLP2"
"1321",0.669483010143305,0.282808137722229,"ENSG00000143870",2.20915206833244e-164,"Univariate","Marginal","PDIA6"
"1322",0.952069291594308,0.0835813861629101,"ENSG00000223865",2.7483071777891e-77,"Univariate","Marginal","HLA-DPB1"
"1323",0.117886516017535,0.190594780285446,"ENSG00000232112",1.38055647198679e-116,"Univariate","Marginal","TMA7"
"1324",0.00282246216521371,0.0356236971297068,"ENSG00000197746",3.42556080838581e-27,"Univariate","Marginal","PSAP"
"1325",0.00259027583953484,0.0344167417190953,"ENSG00000118816",2.80156080437066e-49,"Univariate","Marginal","CCNI"
"1326",0.196069662689034,0.0495694116080041,"ENSG00000231389",5.15498085152958e-78,"Univariate","Marginal","HLA-DPA1"
"1327",0.400855967551734,0.119795178667032,"ENSG00000170571",1.37940898575439e-41,"Univariate","Marginal","EMB"
"1328",0.900716990859226,0.262377629656637,"ENSG00000167283",6.72910342689878e-119,"Univariate","Marginal","ATP5MG"
"1329",0.736955923228758,0.00719730728637263,"ENSG00000090376",0.933460483587249,"Univariate","Marginal","IRAK3"
"1330",0.235161024703931,0.214050626654602,"ENSG00000182718",2.90303843344325e-131,"Univariate","Marginal","ANXA2"
"1331",0.609241451792244,0.147246249565109,"ENSG00000101182",8.49492938847827e-97,"Univariate","Marginal","PSMA7"
"1332",0.142888876400024,0.145645312691403,"ENSG00000143401",1.03693318099149e-76,"Univariate","Marginal","ANP32E"
"1333",0.944505350521597,0.199925930894893,"ENSG00000122565",2.35061943559092e-96,"Univariate","Marginal","CBX3"
"1334",0.810002995807728,0.209867201010037,"ENSG00000197766",1.31050902932718e-119,"Univariate","Marginal","CFD"
"1335",0.700338287965989,0.212444915576378,"ENSG00000129534",1.06645547212909e-94,"Univariate","Marginal","MIS18BP1"
"1336",0.276588672939914,0.218537541456383,"ENSG00000115355",8.09936617346817e-157,"Univariate","Marginal","CCDC88A"
"1337",0.640451371103037,0.0422846890859408,"ENSG00000048740",1.58279282407046e-34,"Univariate","Marginal","CELF2"
"1338",0.258983095796237,0.250464633635985,"ENSG00000197451",9.18613124535513e-137,"Univariate","Marginal","HNRNPAB"
"1339",0.941870165603994,0.00563239165092064,"ENSG00000115091",0.279667012813681,"Univariate","Marginal","ACTR3"
"1340",0.635787414719552,0.271736854897154,"ENSG00000245910",5.70109245923607e-128,"Univariate","Marginal",NA
"1341",0.15563559300753,0.144632203299014,"ENSG00000169564",6.04719111953751e-80,"Univariate","Marginal","PCBP1"
"1342",0.175747964952551,0.261733806640139,"ENSG00000128951",4.08520292271799e-128,"Univariate","Marginal","DUT"
"1343",0.000307693418433736,6.80702426805491e-06,"ENSG00000160255",3.85868159553977e-17,"Univariate","Marginal","ITGB2"
"1344",0.906176226835719,0.0423595890392673,"ENSG00000082074",5.45930099840017e-31,"Univariate","Marginal","FYB1"
"1345",0.00384223415899543,0.0205125997311374,"ENSG00000147065",4.02170409377416e-29,"Univariate","Marginal","MSN"
"1346",0.205593508132766,0.277293728578131,"ENSG00000173660",1.71540971504606e-143,"Univariate","Marginal","UQCRH"
"1347",0.119180684015103,0.123621783038297,"ENSG00000204388",2.70568660856931e-70,"Univariate","Marginal","HSPA1B"
"1348",0.921565548072423,0.145939610522141,"ENSG00000140319",4.30220091521775e-88,"Univariate","Marginal","SRP14"
"1349",0.800889622660982,0.135209959585601,"ENSG00000062716",1.02703269962975e-58,"Univariate","Marginal","VMP1"
"1350",0.83818804006836,0.0784990135663576,"ENSG00000011198",1.67417347151225e-62,"Univariate","Marginal","ABHD5"
"1351",0.104251277923898,0.239384447989629,"ENSG00000123349",4.94415201073736e-133,"Univariate","Marginal","PFDN5"
"1352",0.522305309779233,0.00623590146421235,"ENSG00000171051",7.73612358652303e-33,"Univariate","Marginal","FPR1"
"1353",0.869936771889351,0.0342278651435812,"ENSG00000143815",4.35924229673823e-07,"Univariate","Marginal","LBR"
"1354",0.00599061861077482,0.255674390453389,"ENSG00000075415",4.2742813960238e-124,"Univariate","Marginal","SLC25A3"
"1355",3.47064038584263e-10,0.0243214031736565,"ENSG00000159140",8.08074820827001e-58,"Univariate","Marginal","SON"
"1356",0.0495022148006693,0.252298841149451,"ENSG00000105968",1.60539489002568e-117,"Univariate","Marginal","H2AZ2"
"1357",0.128763230945776,0.283685160972255,"ENSG00000005022",9.69114627522051e-153,"Univariate","Marginal","SLC25A5"
"1358",0.37581686612669,0.30831957839223,"ENSG00000152234",9.86901727777706e-138,"Univariate","Marginal","ATP5F1A"
"1359",0.163101302145828,0.243144410036924,"ENSG00000099783",2.99779426903858e-113,"Univariate","Marginal","HNRNPM"
"1360",0.869602105419305,0.225874468899135,"ENSG00000118520",2.52713910159884e-174,"Univariate","Marginal","ARG1"
"1361",0.285683071899241,0.303068513183981,"ENSG00000169567",1.69018152388346e-148,"Univariate","Marginal","HINT1"
"1362",0.049500470119709,0.251038242656501,"ENSG00000253729",1.98776646039704e-142,"Univariate","Marginal","PRKDC"
"1363",0.950381089683672,0.210947224066364,"ENSG00000164733",5.57341898859772e-125,"Univariate","Marginal","CTSB"
"1364",0.959729000388874,0.171259346856297,"ENSG00000196924",3.85573986451187e-93,"Univariate","Marginal","FLNA"
"1365",6.47894516714061e-05,0.0276783739679592,"ENSG00000107372",5.24781999351558e-39,"Univariate","Marginal","ZFAND5"
"1366",0.000847613210866251,0.047899465768476,"ENSG00000134333",4.42632264746636e-37,"Univariate","Marginal","LDHA"
"1367",0.0167284428040834,0.12998663239689,"ENSG00000170540",2.50792058795451e-69,"Univariate","Marginal","ARL6IP1"
"1368",0.515992679330322,0.324667145273007,"ENSG00000170515",8.55583971539e-161,"Univariate","Marginal","PA2G4"
"1369",0.2457989078572,0.066412311257482,"ENSG00000204525",1.02330319594809e-33,"Univariate","Marginal","HLA-C"
"1370",0.378224455312193,0.0210625071313837,"ENSG00000054654",3.8609114826692e-98,"Univariate","Marginal","SYNE2"
"1371",0.368628354961519,0.3195426501247,"ENSG00000158710",2.08219292112123e-149,"Univariate","Marginal","TAGLN2"
"1372",0.564073319228029,0.212427958291332,"ENSG00000163453",2.30492856098078e-164,"Univariate","Marginal","IGFBP7"
"1373",0.153605429700143,0.186738686020827,"ENSG00000148175",2.03490617626843e-132,"Univariate","Marginal","STOM"
"1374",0.332209581211678,0.308121413895903,"ENSG00000176340",1.48158926906612e-136,"Univariate","Marginal","COX8A"
"1375",0.703905868709789,0.248148134185638,"ENSG00000170315",7.65314422927697e-135,"Univariate","Marginal","UBB"
"1376",0.677489137787223,0.27015702535123,"ENSG00000111716",1.23389742327282e-174,"Univariate","Marginal","LDHB"
"1377",0.0858757187239601,-0.00118876498859957,"ENSG00000177156",2.02022641608192e-16,"Univariate","Marginal","TALDO1"
"1378",0.0840252245473433,0.110978286354341,"ENSG00000085719",1.11669558880454e-103,"Univariate","Marginal","CPNE3"
"1379",0.133229933153574,0.08587322789553,"ENSG00000138778",2.50044289881591e-45,"Univariate","Marginal","CENPE"
"1380",0.00770208212865707,0.341350322505252,"ENSG00000180879",5.52800580405877e-155,"Univariate","Marginal","SSR4"
"1381",0.033151250592199,-0.00888408576049499,"ENSG00000111913",6.38024812571212e-10,"Univariate","Marginal","RIPOR2"
"1382",0.241056630232009,0.0102551624423991,"ENSG00000215301",6.32638892360719e-07,"Univariate","Marginal","DDX3X"
"1383",0.909317821278974,0.00195417295706068,"ENSG00000070831",5.32887894678301e-05,"Univariate","Marginal","CDC42"
"1384",0.136005696142091,0.339835310275077,"ENSG00000169020",5.54480233739029e-151,"Univariate","Marginal","ATP5ME"
"1385",4.53940192141279e-06,0.0244968941381953,"ENSG00000110321",1.13197192904652e-40,"Univariate","Marginal","EIF4G2"
"1386",0.233268687215483,0.0621419139024944,"ENSG00000139644",2.56943699629495e-41,"Univariate","Marginal","TMBIM6"
"1387",0.140457750014929,0.11574015191571,"ENSG00000148154",1.42021628028125e-138,"Univariate","Marginal","UGCG"
"1388",0.800323715241515,0.115140396574944,"ENSG00000185198",2.26869038706483e-85,"Univariate","Marginal","PRSS57"
"1389",0.89710703218249,-0.000800879792794282,"ENSG00000011600",0.445097122429029,"Univariate","Marginal","TYROBP"
"1390",0.606287545509475,0.0901995541516418,"ENSG00000184260",1.61072155058877e-28,"Univariate","Marginal","H2AC20"
"1391",0.390082843096193,0.269855513035277,"ENSG00000110955",1.16806083283112e-130,"Univariate","Marginal","ATP5F1B"
"1392",0.732934480182027,0.205695400169972,"ENSG00000115875",3.91655960532822e-125,"Univariate","Marginal","SRSF7"
"1393",0.0138495083089255,0.304849358139047,"ENSG00000132341",5.78818024178084e-159,"Univariate","Marginal","RAN"
"1394",0.135921445819959,0.193207111933977,"ENSG00000104529",1.81657763060543e-112,"Univariate","Marginal","EEF1D"
"1395",0.527086966111892,0.112635216811614,"ENSG00000088325",1.58013510352774e-73,"Univariate","Marginal","TPX2"
"1396",0.89503511865569,0.245308289879179,"ENSG00000126267",1.07544994906577e-126,"Univariate","Marginal","COX6B1"
"1397",0.225205792875365,0.0232334620412839,"ENSG00000103187",3.18778167737711e-29,"Univariate","Marginal","COTL1"
"1398",0.0682314285544709,0.0137414980712969,"ENSG00000100345",0.000109938612099057,"Univariate","Marginal","MYH9"
"1399",0.000542299155811769,0.350420030292158,"ENSG00000164919",7.9984587328761e-145,"Univariate","Marginal","COX6C"
"1400",0.213416052578561,0.0069704038809192,"ENSG00000204592",1.37990954833518e-07,"Univariate","Marginal","HLA-E"
"1401",0.00312851985979194,0.0119605237385718,"ENSG00000130429",3.88162048308748e-40,"Univariate","Marginal","ARPC1B"
"1402",0.992634077461237,0.17779830404974,"ENSG00000167978",2.43812705838286e-99,"Univariate","Marginal","SRRM2"
"1403",0.408058007844968,0.11515724404924,"ENSG00000131051",7.85177633572434e-60,"Univariate","Marginal","RBM39"
"1404",0.275018216643977,0.170723685973063,"ENSG00000005810",4.53818261629552e-77,"Univariate","Marginal","MYCBP2"
"1405",0.000462292719157022,0.0967112934970795,"ENSG00000063046",1.43076370313446e-69,"Univariate","Marginal","EIF4B"
"1406",0.158893517679091,0.311858610619894,"ENSG00000154518",2.57451775985886e-143,"Univariate","Marginal","ATP5MC3"
"1407",0.0494405290795626,0.109281259241924,"ENSG00000156411",1.21561932129145e-80,"Univariate","Marginal","ATP5MJ"
"1408",0.918659737476839,0.128419218750459,"ENSG00000117523",3.38913775571771e-54,"Univariate","Marginal","PRRC2C"
"1409",0.877535968266106,0.252222363828127,"ENSG00000135940",2.81282809000776e-111,"Univariate","Marginal","COX5B"
"1410",0.539063894126791,0.0185757095009376,"ENSG00000198604",4.04974768966759e-11,"Univariate","Marginal","BAZ1A"
"1411",0.064986920807499,0.0374152807184547,"ENSG00000146278",5.53068282387597e-24,"Univariate","Marginal","PNRC1"
"1412",0.588368197526624,0.0733240973650887,"ENSG00000177575",1.19872966925223e-45,"Univariate","Marginal","CD163"
"1413",0.0827932447972505,0.00360361332118508,"ENSG00000067900",1.78734673028068e-06,"Univariate","Marginal","ROCK1"
"1414",0.0160869299159282,0.00320441174232859,"ENSG00000079246",2.47554107147997e-23,"Univariate","Marginal","XRCC5"
"1415",0.163450750733505,0.0029205012174367,"ENSG00000102879",0.647143691228852,"Univariate","Marginal","CORO1A"
"1416",0.0736118464901672,0.341261195566761,"ENSG00000152082",9.50596505463645e-161,"Univariate","Marginal","MZT2B"
"1417",0.118283739179892,0.0134596746945911,"ENSG00000185862",3.02917245167537e-07,"Univariate","Marginal","EVI2B"
"1418",0.0284302142375596,0.00117985267972118,"ENSG00000100201",2.5401731576148e-14,"Univariate","Marginal","DDX17"
"1419",0.210299797139322,0.0379900748343195,"ENSG00000168264",1.08604706847568e-34,"Univariate","Marginal","IRF2BP2"
"1420",0.469810861214904,0.0841019044056645,"ENSG00000178695",5.01695639115411e-23,"Univariate","Marginal","KCTD12"
"1421",0.432227493470903,0.177876303440781,"ENSG00000102317",3.87689604966444e-107,"Univariate","Marginal","RBM3"
"1422",0.423585876746581,0.149614928050321,"ENSG00000132646",3.21982020226261e-123,"Univariate","Marginal","PCNA"
"1423",0.137259950281038,0.0280190535145637,"ENSG00000143878",8.56247676913289e-16,"Univariate","Marginal","RHOB"
"1424",0.0244571696243116,-0.00104198820898356,"ENSG00000117984",0.757355633451984,"Univariate","Marginal","CTSD"
"1425",0.46154649401151,0.0831690500235238,"ENSG00000139218",1.43978007783083e-39,"Univariate","Marginal","SCAF11"
"1426",0.000478279091103385,0.00104419652587642,"ENSG00000153113",0.116484212651838,"Univariate","Marginal","CAST"
"1427",0.0014519402146774,0.0788656127380522,"ENSG00000197111",5.36055951050632e-72,"Univariate","Marginal","PCBP2"
"1428",0.802554931074491,0.169144968143025,"ENSG00000089280",1.20519509756904e-101,"Univariate","Marginal","FUS"
"1429",0.0966961819674915,0.0091838420336746,"ENSG00000111144",1.3101303473049e-10,"Univariate","Marginal","LTA4H"
"1430",0.639816776922386,0.0411097703153007,"ENSG00000106780",1.17887887049436e-25,"Univariate","Marginal","MEGF9"
"1431",0.505731430980736,0.0869781929512652,"ENSG00000136026",5.32079334375946e-82,"Univariate","Marginal","CKAP4"
"1432",0.0166287747556174,0.126306581715373,"ENSG00000196683",2.96701105243352e-114,"Univariate","Marginal","TOMM7"
"1433",0.539374636669295,0.197105731885278,"ENSG00000197471",2.02395602399856e-110,"Univariate","Marginal","SPN"
"1434",0.159292632293097,-0.000450517385958608,"ENSG00000135535",0.0707582738728357,"Univariate","Marginal","CD164"
"1435",0.655864827879468,0.246909840890686,"ENSG00000125944",3.11191207374564e-142,"Univariate","Marginal","HNRNPR"
"1436",0.963671445791393,0.211349004066367,"ENSG00000137309",1.40690213416964e-156,"Univariate","Marginal","HMGA1"
"1437",0.588440133528165,0.0330161752175143,"ENSG00000130592",1.00368679661255e-18,"Univariate","Marginal","LSP1"
"1438",0.914481626048743,0.149330695250926,"ENSG00000213719",1.32751845399798e-87,"Univariate","Marginal","CLIC1"
"1439",0.683954217541742,0.144447618250363,"ENSG00000113387",4.82636730395372e-72,"Univariate","Marginal","SUB1"
"1440",0.555799206324673,0.0144448046607784,"ENSG00000151726",1.64469327715741e-19,"Univariate","Marginal","ACSL1"
"1441",0.388017125409906,0.273262345605231,"ENSG00000110958",5.39814137841383e-131,"Univariate","Marginal","PTGES3"
"1442",1.2368831296564e-06,0.339056283947351,"ENSG00000178982",1.34425351393739e-148,"Univariate","Marginal","EIF3K"
"1443",0.00388346681294073,0.114678598880611,"ENSG00000188229",8.120948949446e-37,"Univariate","Marginal","TUBB4B"
"1444",0.11203736843545,0.121304709420534,"ENSG00000188612",1.82954306535124e-84,"Univariate","Marginal","SUMO2"
"1445",0.724041256299041,0.0571190951681333,"ENSG00000136810",2.96329641022816e-61,"Univariate","Marginal","TXN"
"1446",0.508977140425558,0.164014534958538,"ENSG00000189043",1.43645435834486e-98,"Univariate","Marginal","NDUFA4"
"1447",0.000453246083013009,0.0849961022945049,"ENSG00000165025",2.59189388703505e-78,"Univariate","Marginal","SYK"
"1448",0.143724591516822,0.134118466027587,"ENSG00000164111",2.63788834124951e-60,"Univariate","Marginal","ANXA5"
"1449",0.339453819240857,0.237986366604595,"ENSG00000131174",4.41250503269457e-111,"Univariate","Marginal","COX7B"
"1450",0.731705902378842,0.0162327768207983,"ENSG00000196352",5.9486309335041e-11,"Univariate","Marginal","CD55"
"1451",0.397761446161363,0.218919410351805,"ENSG00000120742",1.70929066012022e-103,"Univariate","Marginal","SERP1"
"1452",0.657036154948873,0.237780699646921,"ENSG00000152795",2.5152016531069e-123,"Univariate","Marginal","HNRNPDL"
"1453",0.621637609511601,0.224170497541879,"ENSG00000120694",6.91593568219111e-130,"Univariate","Marginal","HSPH1"
"1454",0.855675000797134,0.19341229932296,"ENSG00000126777",1.13227540252183e-110,"Univariate","Marginal","KTN1"
"1455",0.312365417671763,0.149672756899917,"ENSG00000165502",1.73059359437727e-109,"Univariate","Marginal","RPL36AL"
"1456",0.0029416959876709,0.210735328620727,"ENSG00000100504",5.35315390354888e-121,"Univariate","Marginal","PYGL"
"1457",0.0542689812033399,0.312341994411772,"ENSG00000155368",2.50866481598711e-131,"Univariate","Marginal","DBI"
"1458",0.0684362335747729,0.199806400647734,"ENSG00000234741",2.1395011045994e-95,"Univariate","Marginal","GAS5"
"1459",0.776889637662436,-0.00082832345028903,"ENSG00000005020",0.267005316942781,"Univariate","Marginal","SKAP2"
"1460",0.00228645602314252,0.244065948843958,"ENSG00000118705",3.57447807323924e-125,"Univariate","Marginal","RPN2"
"1461",0.920542287036911,0.0979744410308619,"ENSG00000198258",1.37621958272466e-80,"Univariate","Marginal","UBL5"
"1462",0.24679938415464,0.156182961197487,"ENSG00000108424",2.08405269831685e-64,"Univariate","Marginal","KPNB1"
"1463",0.225004273908531,0.271556441104121,"ENSG00000108953",6.03926205473701e-130,"Univariate","Marginal","YWHAE"
"1464",0.778212038637027,0.0214329568118842,"ENSG00000109046",0.00031524403357954,"Univariate","Marginal","WSB1"
"1465",0.698232492679464,0.126519244986011,"ENSG00000166801",1.65000835737313e-72,"Univariate","Marginal","FAM111A"
"1466",0.5538627877331,0.182306842153827,"ENSG00000228253",5.70795767679999e-79,"Univariate","Marginal","ATP8"
"1467",0.0788688656461159,0.0441315899136911,"ENSG00000142227",2.48800844515167e-38,"Univariate","Marginal","EMP3"
"1468",0.452522857036029,0.010871327951578,"ENSG00000119535",1.87792225311966e-05,"Univariate","Marginal","CSF3R"
"1469",0.0161815159414423,0.137586830101192,"ENSG00000086061",9.91747932174897e-67,"Univariate","Marginal","DNAJA1"
"1470",0.782658688867185,0.026064504607027,"ENSG00000142657",1.44908843591168e-05,"Univariate","Marginal","PGD"
"1471",0.572597156172751,0.220555348460231,"ENSG00000147274",6.45148187531602e-97,"Univariate","Marginal","RBMX"
"1472",0.0322019509734155,0.126624198658999,"ENSG00000009307",1.26210623666835e-84,"Univariate","Marginal","CSDE1"
"1473",0.980154597109054,0.287945384264699,"ENSG00000125743",7.15493051318725e-156,"Univariate","Marginal","SNRPD2"
"1474",0.926365923611524,0.232724188748006,"ENSG00000135316",3.41084057741547e-125,"Univariate","Marginal","SYNCRIP"
"1475",0.438883005847379,0.0299627456749794,"ENSG00000101596",9.32082503750317e-18,"Univariate","Marginal","SMCHD1"
"1476",0.1166191126534,0.0264724151887596,"ENSG00000119314",0.53121738027106,"Univariate","Marginal","PTBP3"
"1477",0.274539612141087,0.191385957727333,"ENSG00000161547",1.70016904709983e-91,"Univariate","Marginal","SRSF2"
"1478",0.980935464122192,0.241238804365982,"ENSG00000133226",4.64163878042967e-115,"Univariate","Marginal","SRRM1"
"1479",0.63751586723644,0.134323811825664,"ENSG00000121552",9.22799853204845e-43,"Univariate","Marginal","CSTA"
"1480",0.00749763919247012,0.141841615030459,"ENSG00000127540",1.13990907363904e-107,"Univariate","Marginal","UQCR11"
"1481",0.784537001750522,0.100101899831638,"ENSG00000176788",1.69470969135662e-63,"Univariate","Marginal","BASP1"
"1482",0.00758872032342115,0.00582550096925135,"ENSG00000105887",3.21952361007804e-26,"Univariate","Marginal","MTPN"
"1483",0.0177707044518075,0.0923836401612942,"ENSG00000132002",1.21722412407797e-38,"Univariate","Marginal","DNAJB1"
"1484",0.911279338146249,0.203931170008371,"ENSG00000104408",9.63428169566268e-108,"Univariate","Marginal","EIF3E"
"1485",0.302139334664049,0.0394931601344587,"ENSG00000158869",9.36585002696227e-18,"Univariate","Marginal","FCER1G"
"1486",0.244581137391874,0.174163146145553,"ENSG00000060138",4.89637727160033e-153,"Univariate","Marginal","YBX3"
"1487",0.355698597074002,0.257769331263267,"ENSG00000132780",8.21705399960946e-152,"Univariate","Marginal","NASP"
"1488",0.000206165634604527,0.0262055147275894,"ENSG00000137076",1.01977001802466e-29,"Univariate","Marginal","TLN1"
"1489",0.197601324871729,0.0913741150703003,"ENSG00000119707",7.77742662336684e-81,"Univariate","Marginal","RBM25"
"1490",0.626322018664567,0.202906751344411,"ENSG00000124766",8.07027534509839e-144,"Univariate","Marginal","SOX4"
"1491",0.701610636417466,0.155588086020056,"ENSG00000171530",8.2478031516086e-84,"Univariate","Marginal","TBCA"
"1492",0.0498987811422011,0.176024080062909,"ENSG00000167460",9.32816312351627e-115,"Univariate","Marginal","TPM4"
"1493",0.545998348310785,0.0047337333215158,"ENSG00000003402",7.62224269783729e-08,"Univariate","Marginal","CFLAR"
"1494",0.475915191387258,0.0343113986849451,"ENSG00000183688",2.04586001750744e-14,"Univariate","Marginal","RFLNB"
"1495",0.660640017254698,0.00301926833078206,"ENSG00000188404",0.346049529080427,"Univariate","Marginal","SELL"
"1496",0.0385063483837604,0.0014389900065863,"ENSG00000116489",6.24374939048193e-11,"Univariate","Marginal","CAPZA1"
"1497",0.28395563294148,0.199367409899376,"ENSG00000057608",4.5895397853919e-112,"Univariate","Marginal","GDI2"
"1498",0.958413276269964,0.318674136983417,"ENSG00000164405",3.595160004866e-147,"Univariate","Marginal","UQCRQ"
"1499",0.490117803707243,0.195949181057912,"ENSG00000105810",1.75459493114349e-117,"Univariate","Marginal","CDK6"
"1500",0.783841097260017,0.214728895875825,"ENSG00000130816",2.5384187415891e-155,"Univariate","Marginal","DNMT1"
"1501",4.74503610139635e-44,0.742206365813075,"ENSG00000143546",5.79017996876443e-106,"Multivariate","Marginal","S100A8"
"1502",6.2501027428573e-15,0.742206365813075,"ENSG00000090382",2.52004450165834e-75,"Multivariate","Marginal","LYZ"
"1503",4.15925678627874e-25,0.742206365813075,"ENSG00000163220",8.4173355468323e-77,"Multivariate","Marginal","S100A9"
"1504",2.10988649138151e-13,0.742206365813075,"ENSG00000251562",3.70915351226779e-12,"Multivariate","Marginal","MALAT1"
"1505",3.060749869783e-45,0.742206365813075,"ENSG00000210082",4.87709176603112e-83,"Multivariate","Marginal",NA
"1506",1.06958995515679e-41,0.742206365813075,"ENSG00000122862",7.99546632163327e-121,"Multivariate","Marginal","SRGN"
"1507",7.4976941194815e-42,0.742206365813075,"ENSG00000198804",1.02155630531453e-65,"Multivariate","Marginal","COX1"
"1508",8.84612897209119e-41,0.742206365813075,"ENSG00000196415",1.20723547978499e-111,"Multivariate","Marginal","PRTN3"
"1509",1.98836547829645e-45,0.742206365813075,"ENSG00000198938",9.95125048241138e-71,"Multivariate","Marginal","COX3"
"1510",9.9244131153001e-36,0.742206365813075,"ENSG00000198712",6.3962620485609e-85,"Multivariate","Marginal","COX2"
"1511",2.88184038416547e-40,0.742206365813075,"ENSG00000005381",8.33458014390925e-117,"Multivariate","Marginal","MPO"
"1512",1.79925820055223e-65,0.742206365813075,"ENSG00000137818",2.07450375267133e-162,"Multivariate","Marginal","RPLP1"
"1513",0.152341442746036,0.742206365813075,"ENSG00000239839",0.38427296511283,"Multivariate","Marginal","DEFA3"
"1514",4.56001902168341e-18,0.742206365813075,"ENSG00000163221",1.12230403157433e-71,"Multivariate","Marginal","S100A12"
"1515",1.36771651054117e-08,0.742206365813075,"ENSG00000075624",0.0273659334751053,"Multivariate","Marginal","ACTB"
"1516",7.1982668999064e-32,0.742206365813075,"ENSG00000211459",9.17392467666307e-71,"Multivariate","Marginal",NA
"1517",1.9246087129696e-50,0.742206365813075,"ENSG00000012223",4.32753734014545e-153,"Multivariate","Marginal","LTF"
"1518",3.93740732408668e-59,0.742206365813075,"ENSG00000187514",3.41880161333847e-166,"Multivariate","Marginal","PTMA"
"1519",7.03799300050452e-57,0.742206365813075,"ENSG00000156508",5.98500525174245e-148,"Multivariate","Marginal","EEF1A1"
"1520",1.5837057777311e-40,0.742206365813075,"ENSG00000198886",5.608215587023e-69,"Multivariate","Marginal","ND4"
"1521",1.62723079956423e-63,0.742206365813075,"ENSG00000229117",1.02089296448888e-161,"Multivariate","Marginal","RPL41"
"1522",6.27509034336715e-45,0.742206365813075,"ENSG00000198899",1.36097324257398e-91,"Multivariate","Marginal","ATP6"
"1523",2.38532940950282e-75,0.742206365813075,"ENSG00000167526",5.90020929494596e-166,"Multivariate","Marginal","RPL13"
"1524",2.01439486309913e-61,0.742206365813075,"ENSG00000142937",9.0654117585265e-166,"Multivariate","Marginal","RPS8"
"1525",1.81177109507001e-41,0.742206365813075,"ENSG00000198840",2.45160580673997e-65,"Multivariate","Marginal","ND3"
"1526",4.00672710012071e-58,0.742206365813075,"ENSG00000112306",3.69315951802427e-164,"Multivariate","Marginal","RPS12"
"1527",1.38444208921009e-39,0.742206365813075,"ENSG00000197561",5.14641140342655e-123,"Multivariate","Marginal","ELANE"
"1528",1.5434019612004e-64,0.742206365813075,"ENSG00000231500",6.9307449986946e-165,"Multivariate","Marginal","RPS18"
"1529",3.98433692820474e-63,0.742206365813075,"ENSG00000133112",7.96020376613764e-94,"Multivariate","Marginal","TPT1"
"1530",2.75410302309428e-38,0.742206365813075,"ENSG00000197061",3.96880935669756e-120,"Multivariate","Marginal","H4C3"
"1531",3.48111428563266e-65,0.742206365813075,"ENSG00000137154",5.86903248256141e-166,"Multivariate","Marginal","RPS6"
"1532",5.01933605159258e-44,0.742206365813075,"ENSG00000102837",6.34391425613175e-146,"Multivariate","Marginal","OLFM4"
"1533",1.22041863659964e-62,0.742206365813075,"ENSG00000197756",6.58327000208624e-162,"Multivariate","Marginal","RPL37A"
"1534",2.9908627263111e-45,0.742206365813075,"ENSG00000198888",1.97545625975355e-82,"Multivariate","Marginal","ND1"
"1535",2.28179726881007e-19,0.742206365813075,"ENSG00000245532",3.99898784155317e-38,"Multivariate","Marginal","NEAT1"
"1536",6.04986066497449e-55,0.742206365813075,"ENSG00000172232",3.20782098551855e-138,"Multivariate","Marginal","AZU1"
"1537",1.55604583179556e-64,0.742206365813075,"ENSG00000108107",1.40265789376945e-162,"Multivariate","Marginal","RPL28"
"1538",2.86984548021281e-60,0.742206365813075,"ENSG00000140988",1.20909389137118e-162,"Multivariate","Marginal","RPS2"
"1539",1.11330624072072e-63,0.742206365813075,"ENSG00000213741",2.66881875025134e-158,"Multivariate","Marginal","RPS29"
"1540",1.97375696354397e-57,0.742206365813075,"ENSG00000145592",4.7933032107241e-158,"Multivariate","Marginal","RPL37"
"1541",9.53778651387855e-61,0.742206365813075,"ENSG00000198918",1.86711138551233e-159,"Multivariate","Marginal","RPL39"
"1542",3.99409127371584e-28,0.742206365813075,"ENSG00000170345",7.53056488191144e-59,"Multivariate","Marginal","FOS"
"1543",4.01605251243107e-46,0.742206365813075,"ENSG00000198763",4.25656842121685e-101,"Multivariate","Marginal","ND2"
"1544",1.42411666642097e-64,0.742206365813075,"ENSG00000164587",1.05793016435503e-159,"Multivariate","Marginal","RPS14"
"1545",9.08767042260638e-61,0.742206365813075,"ENSG00000087086",1.70523869256285e-129,"Multivariate","Marginal","FTL"
"1546",6.18603516888883e-53,0.742206365813075,"ENSG00000142541",1.33799776713978e-158,"Multivariate","Marginal","RPL13A"
"1547",3.93079619664324e-64,0.742206365813075,"ENSG00000105372",2.9360652093821e-166,"Multivariate","Marginal","RPS19"
"1548",3.96418261736708e-35,0.742206365813075,"ENSG00000198727",1.00736503396197e-74,"Multivariate","Marginal","CYTB"
"1549",9.92210641695781e-64,0.742206365813075,"ENSG00000186468",5.93738495778391e-157,"Multivariate","Marginal","RPS23"
"1550",5.143449457506e-62,0.742206365813075,"ENSG00000177600",6.76256887845491e-162,"Multivariate","Marginal","RPLP2"
"1551",1.68656288170466e-75,0.742206365813075,"ENSG00000138326",6.09512618030956e-163,"Multivariate","Marginal","RPS24"
"1552",2.80340791581086e-20,0.742206365813075,"ENSG00000205542",3.41293614305953e-18,"Multivariate","Marginal","TMSB4X"
"1553",2.10524293965201e-54,0.742206365813075,"ENSG00000147403",5.98414510557238e-160,"Multivariate","Marginal","RPL10"
"1554",9.57333512951282e-69,0.742206365813075,"ENSG00000034510",1.16392333549177e-164,"Multivariate","Marginal","TMSB10"
"1555",1.44496368876403e-72,0.742206365813075,"ENSG00000144713",3.79530358816637e-165,"Multivariate","Marginal","RPL32"
"1556",4.93115763992679e-70,0.742206365813075,"ENSG00000108298",1.63628385507489e-164,"Multivariate","Marginal","RPL19"
"1557",7.5902875659536e-59,0.742206365813075,"ENSG00000233927",4.33593304153575e-163,"Multivariate","Marginal","RPS28"
"1558",1.78609145826194e-56,0.742206365813075,"ENSG00000149273",4.00083110148247e-164,"Multivariate","Marginal","RPS3"
"1559",9.80584586133621e-52,0.742206365813075,"ENSG00000177954",5.99900496600888e-146,"Multivariate","Marginal","RPS27"
"1560",2.32880756543538e-53,0.742206365813075,"ENSG00000109475",8.72405360954178e-161,"Multivariate","Marginal","RPL34"
"1561",8.5209065871584e-55,0.742206365813075,"ENSG00000142534",1.52529261287685e-153,"Multivariate","Marginal","RPS11"
"1562",1.50322595940965e-07,0.742206365813075,"ENSG00000244734",3.02886566775061e-12,"Multivariate","Marginal","HBB"
"1563",3.95032190519182e-65,0.742206365813075,"ENSG00000142676",9.30237668420522e-158,"Multivariate","Marginal","RPL11"
"1564",5.48830951312832e-60,0.742206365813075,"ENSG00000145425",4.77431132771697e-158,"Multivariate","Marginal","RPS3A"
"1565",6.83146916679991e-33,0.742206365813075,"ENSG00000166710",6.15298035786161e-44,"Multivariate","Marginal","B2M"
"1566",1.19751247837694e-26,0.742206365813075,"ENSG00000100985",2.41134586590113e-85,"Multivariate","Marginal","MMP9"
"1567",3.61914617952428e-67,0.742206365813075,"ENSG00000124882",1.22369999930972e-164,"Multivariate","Marginal","EREG"
"1568",2.21179868215124e-60,0.742206365813075,"ENSG00000148346",1.56723277940599e-156,"Multivariate","Marginal","LCN2"
"1569",4.97040065467156e-56,0.742206365813075,"ENSG00000171858",1.17369390932754e-165,"Multivariate","Marginal","RPS21"
"1570",3.8971062329547e-61,0.742206365813075,"ENSG00000111640",2.61705680547858e-120,"Multivariate","Marginal","GAPDH"
"1571",1.18034336054333e-57,0.742206365813075,"ENSG00000197958",1.10331586012665e-161,"Multivariate","Marginal","RPL12"
"1572",1.38825681361487e-49,0.742206365813075,"ENSG00000019582",4.38852998849237e-142,"Multivariate","Marginal","CD74"
"1573",6.31854038189397e-50,0.742206365813075,"ENSG00000105640",1.03878989236696e-165,"Multivariate","Marginal","RPL18A"
"1574",6.34533876922382e-09,0.742206365813075,"ENSG00000026025",2.72898974290519e-10,"Multivariate","Marginal","VIM"
"1575",9.71429691825351e-68,0.742206365813075,"ENSG00000089157",2.37909641878652e-170,"Multivariate","Marginal","RPLP0"
"1576",4.49817052555763e-53,0.742206365813075,"ENSG00000143947",3.8182529224173e-158,"Multivariate","Marginal","RPS27A"
"1577",6.2092463387346e-120,0.742206365813075,"ENSG00000118113",9.63349286443801e-163,"Multivariate","Marginal","MMP8"
"1578",5.70843210142578e-58,0.742206365813075,"ENSG00000166441",7.23081248451351e-149,"Multivariate","Marginal","RPL27A"
"1579",3.92865796057005e-66,0.742206365813075,"ENSG00000156482",2.21977740849627e-150,"Multivariate","Marginal","RPL30"
"1580",4.36423218750823e-67,0.742206365813075,"ENSG00000130255",2.69423451511847e-163,"Multivariate","Marginal","RPL36"
"1581",2.81293679309805e-63,0.742206365813075,"ENSG00000122026",7.96231563787301e-145,"Multivariate","Marginal","RPL21"
"1582",1.01265643481696e-55,0.742206365813075,"ENSG00000134419",5.24421641087418e-142,"Multivariate","Marginal","RPS15A"
"1583",1.68240447180382e-62,0.742206365813075,"ENSG00000080824",4.94195439955273e-143,"Multivariate","Marginal","HSP90AA1"
"1584",5.50424915832124e-59,0.742206365813075,"ENSG00000008988",4.41255823742988e-137,"Multivariate","Marginal","RPS20"
"1585",7.73311445998368e-14,0.742206365813075,"ENSG00000257764",6.5816942043422e-46,"Multivariate","Marginal",NA
"1586",5.18398040661289e-56,0.742206365813075,"ENSG00000115268",2.66194908401422e-159,"Multivariate","Marginal","RPS15"
"1587",1.22449415744669e-57,0.742206365813075,"ENSG00000100316",7.02351603184253e-164,"Multivariate","Marginal","RPL3"
"1588",2.78114447259121e-62,0.742206365813075,"ENSG00000148303",1.07316520231946e-161,"Multivariate","Marginal","RPL7A"
"1589",9.59602159037951e-58,0.742206365813075,"ENSG00000110700",2.81220247035214e-162,"Multivariate","Marginal","RPS13"
"1590",4.3071315913581e-53,0.742206365813075,"ENSG00000163682",5.29891005837664e-164,"Multivariate","Marginal","RPL9"
"1591",7.93771399799784e-57,0.742206365813075,"ENSG00000125691",6.17746279020559e-137,"Multivariate","Marginal","RPL23"
"1592",7.4820231925898e-42,0.742206365813075,"ENSG00000198786",4.84101107213866e-97,"Multivariate","Marginal","ND5"
"1593",8.86283667501446e-58,0.742206365813075,"ENSG00000161016",8.78388974039035e-163,"Multivariate","Marginal","RPL8"
"1594",8.16219162291693e-63,0.742206365813075,"ENSG00000089009",2.11184421242009e-154,"Multivariate","Marginal","RPL6"
"1595",5.65560858074073e-63,0.742206365813075,"ENSG00000171863",1.33707208440246e-156,"Multivariate","Marginal","RPS7"
"1596",3.81112475461226e-65,0.742206365813075,"ENSG00000136942",4.17924101653229e-165,"Multivariate","Marginal","RPL35"
"1597",2.31740389971842e-63,0.742206365813075,"ENSG00000182899",1.25286815524286e-153,"Multivariate","Marginal","RPL35A"
"1598",3.18203455716021e-54,0.742206365813075,"ENSG00000161970",6.62475132200503e-150,"Multivariate","Marginal","RPL26"
"1599",0.105242807726688,0.742206365813075,"ENSG00000197956",0.839325335072944,"Multivariate","Marginal","S100A6"
"1600",1.24678803637363e-51,0.742206365813075,"ENSG00000105193",2.96996037087704e-163,"Multivariate","Marginal","RPS16"
"1601",8.93380255326887e-67,0.742206365813075,"ENSG00000122406",2.22354405931119e-151,"Multivariate","Marginal","RPL5"
"1602",1.59306217716696e-62,0.742206365813075,"ENSG00000198034",1.26807934543529e-162,"Multivariate","Marginal","RPS4X"
"1603",7.04125482495172e-54,0.742206365813075,"ENSG00000174748",6.95143049499685e-155,"Multivariate","Marginal","RPL15"
"1604",6.60896391508514e-63,0.742206365813075,"ENSG00000063177",2.4645152809255e-162,"Multivariate","Marginal","RPL18"
"1605",9.04143001009452e-69,0.742206365813075,"ENSG00000172809",2.97647576599662e-151,"Multivariate","Marginal","RPL38"
"1606",5.44732335848865e-61,0.742206365813075,"ENSG00000162244",1.18558902592135e-158,"Multivariate","Marginal","RPL29"
"1607",1.56415455579143e-70,0.742206365813075,"ENSG00000198242",1.42594703197782e-158,"Multivariate","Marginal","RPL23A"
"1608",8.69476593922362e-62,0.742206365813075,"ENSG00000170889",2.08059648676668e-155,"Multivariate","Marginal","RPS9"
"1609",3.50259914733255e-66,0.742206365813075,"ENSG00000189403",1.52010842361668e-147,"Multivariate","Marginal","HMGB1"
"1610",7.43533019585032e-12,0.742206365813075,"ENSG00000196154",1.91881194599733e-27,"Multivariate","Marginal","S100A4"
"1611",2.8546597314897e-54,0.742206365813075,"ENSG00000070756",6.12734410028197e-114,"Multivariate","Marginal","PABPC1"
"1612",1.43536348787248e-56,0.742206365813075,"ENSG00000166598",7.77243711774073e-157,"Multivariate","Marginal","HSP90B1"
"1613",4.47594949830111e-42,0.742206365813075,"ENSG00000164047",3.52995601827047e-131,"Multivariate","Marginal","CAMP"
"1614",5.4664979793471e-09,0.742206365813075,"ENSG00000104918",2.18239616098588e-30,"Multivariate","Marginal","RETN"
"1615",1.71265523960469e-72,0.742206365813075,"ENSG00000179218",1.4483437485065e-157,"Multivariate","Marginal","CALR"
"1616",1.92022421180191e-28,0.742206365813075,"ENSG00000184009",1.76638423169744e-21,"Multivariate","Marginal","ACTG1"
"1617",8.55399938570568e-12,0.742206365813075,"ENSG00000164104",1.26873243401205e-15,"Multivariate","Marginal","HMGB2"
"1618",1.37776435670857e-44,0.742206365813075,"ENSG00000122566",3.35305008731159e-78,"Multivariate","Marginal","HNRNPA2B1"
"1619",2.75280366679271e-66,0.742206365813075,"ENSG00000168028",3.40360350717861e-167,"Multivariate","Marginal","RPSA"
"1620",1.40519504276583e-46,0.742206365813075,"ENSG00000188846",1.04448133595674e-152,"Multivariate","Marginal","RPL14"
"1621",1.81216817656451e-52,0.742206365813075,"ENSG00000123416",1.75128433273283e-152,"Multivariate","Marginal","TUBA1B"
"1622",9.76403165527863e-60,0.742206365813075,"ENSG00000221983",7.60895126222098e-144,"Multivariate","Marginal","UBA52"
"1623",1.9309557972514e-65,0.742206365813075,"ENSG00000147604",3.14153648507137e-156,"Multivariate","Marginal","RPL7"
"1624",1.46191127128627e-20,0.742206365813075,"ENSG00000115590",4.5306796874441e-58,"Multivariate","Marginal","IL1R2"
"1625",4.17057430396905e-19,0.742206365813075,"ENSG00000067082",5.69612026201504e-44,"Multivariate","Marginal","KLF6"
"1626",0.00392872642925801,0.742206365813075,"ENSG00000164821",9.44327585657184e-06,"Multivariate","Marginal","DEFA4"
"1627",3.78234564654701e-07,0.742206365813075,"ENSG00000135046",2.46628029191558e-07,"Multivariate","Marginal","ANXA1"
"1628",1.17019287466327e-47,0.742206365813075,"ENSG00000153187",2.23774056124666e-86,"Multivariate","Marginal","HNRNPU"
"1629",7.3765132822488e-39,0.742206365813075,"ENSG00000198830",6.46368320929824e-103,"Multivariate","Marginal","HMGN2"
"1630",9.5776513649861e-61,0.742206365813075,"ENSG00000118181",3.54098409852453e-153,"Multivariate","Marginal","RPS25"
"1631",4.45378147251031e-59,0.742206365813075,"ENSG00000198755",3.21077253224051e-166,"Multivariate","Marginal","RPL10A"
"1632",5.33719527613351e-70,0.742206365813075,"ENSG00000204628",4.15493579822373e-152,"Multivariate","Marginal","RACK1"
"1633",2.50144797977699e-49,0.742206365813075,"ENSG00000104904",1.09750091812029e-90,"Multivariate","Marginal","OAZ1"
"1634",1.26295190369915e-40,0.742206365813075,"ENSG00000100097",2.85713241841873e-94,"Multivariate","Marginal","LGALS1"
"1635",0.00202493599960455,0.742206365813075,"ENSG00000163563",7.92310400605744e-29,"Multivariate","Marginal","MNDA"
"1636",3.99528678090052e-57,0.742206365813075,"ENSG00000131469",6.22209491397544e-123,"Multivariate","Marginal","RPL27"
"1637",1.2978337870441e-60,0.742206365813075,"ENSG00000149806",2.42112039298291e-146,"Multivariate","Marginal","FAU"
"1638",1.64386376715336e-31,0.742206365813075,"ENSG00000130066",5.46591494817958e-63,"Multivariate","Marginal","SAT1"
"1639",3.01474088616481e-32,0.742206365813075,"ENSG00000108518",3.49099557309675e-38,"Multivariate","Marginal","PFN1"
"1640",2.5120076668185e-72,0.742206365813075,"ENSG00000074800",2.19350983000275e-153,"Multivariate","Marginal","ENO1"
"1641",3.61748213354199e-33,0.742206365813075,"ENSG00000148773",1.15150522248999e-91,"Multivariate","Marginal","MKI67"
"1642",3.223316738158e-73,0.742206365813075,"ENSG00000083845",4.3564971378258e-169,"Multivariate","Marginal","RPS5"
"1643",4.39460028740931e-49,0.742206365813075,"ENSG00000100448",6.37642490937781e-93,"Multivariate","Marginal","CTSG"
"1644",4.82479474074943e-60,0.742206365813075,"ENSG00000071082",6.67658022035863e-150,"Multivariate","Marginal","RPL31"
"1645",6.73014288713317e-27,0.742206365813075,"ENSG00000120129",7.37792177951386e-56,"Multivariate","Marginal","DUSP1"
"1646",1.60151384540245e-64,0.742206365813075,"ENSG00000114391",5.94919674302916e-151,"Multivariate","Marginal","RPL24"
"1647",5.99229684745017e-37,0.742206365813075,"ENSG00000172757",7.63711903497341e-56,"Multivariate","Marginal","CFL1"
"1648",1.27716799885336e-12,0.742206365813075,"ENSG00000138071",4.5962399254489e-12,"Multivariate","Marginal","ACTR2"
"1649",2.9650433834882e-36,0.742206365813075,"ENSG00000177606",8.08687042036507e-109,"Multivariate","Marginal","JUN"
"1650",3.58272164019425e-33,0.742206365813075,"ENSG00000109321",4.39841839169196e-100,"Multivariate","Marginal","AREG"
"1651",4.37500588957388e-27,0.742206365813075,"ENSG00000038427",1.84740615620185e-71,"Multivariate","Marginal","VCAN"
"1652",2.94356483006726e-43,0.742206365813075,"ENSG00000044574",1.60648129496968e-129,"Multivariate","Marginal","HSPA5"
"1653",6.84145593545654e-61,0.742206365813075,"ENSG00000174444",8.28720123542614e-162,"Multivariate","Marginal","RPL4"
"1654",2.28695729949424e-20,0.742206365813075,"ENSG00000234745",8.91102577101796e-36,"Multivariate","Marginal","HLA-B"
"1655",2.56211241049105e-12,0.742206365813075,"ENSG00000185201",9.13654380470357e-53,"Multivariate","Marginal","IFITM2"
"1656",9.74155236910131e-42,0.742206365813075,"ENSG00000096060",2.5480568125787e-98,"Multivariate","Marginal","FKBP5"
"1657",5.15480834586912e-71,0.742206365813075,"ENSG00000196262",8.3254515847362e-162,"Multivariate","Marginal","PPIA"
"1658",8.67959804858018e-63,0.742206365813075,"ENSG00000065978",7.22685566931569e-157,"Multivariate","Marginal","YBX1"
"1659",1.58392650332263e-58,0.742206365813075,"ENSG00000196230",2.33100510829081e-137,"Multivariate","Marginal","TUBB"
"1660",3.64582624683816e-16,0.742206365813075,"ENSG00000169429",4.10916219673496e-37,"Multivariate","Marginal","CXCL8"
"1661",1.04261370471165e-42,0.742206365813075,"ENSG00000131747",1.85469117672996e-88,"Multivariate","Marginal","TOP2A"
"1662",1.27641810747677e-14,0.742206365813075,"ENSG00000136167",4.61278089921481e-06,"Multivariate","Marginal","LCP1"
"1663",2.40446438790051e-64,0.742206365813075,"ENSG00000169385",8.43589136853058e-129,"Multivariate","Marginal","RNASE2"
"1664",1.32326392618594e-60,0.742206365813075,"ENSG00000140264",1.03299787562913e-138,"Multivariate","Marginal","SERF2"
"1665",2.71102409955243e-64,0.742206365813075,"ENSG00000096384",1.16000476407486e-164,"Multivariate","Marginal","HSP90AB1"
"1666",7.33031606630983e-76,0.742206365813075,"ENSG00000114942",1.72298601271784e-164,"Multivariate","Marginal","EEF1B2"
"1667",2.42669936634368e-35,0.742206365813075,"ENSG00000021355",1.06860384244268e-42,"Multivariate","Marginal","SERPINB1"
"1668",1.52110318361551e-26,0.742206365813075,"ENSG00000143549",1.56873146878464e-44,"Multivariate","Marginal","TPM3"
"1669",5.2150287010034e-48,0.742206365813075,"ENSG00000152518",1.07440797293285e-137,"Multivariate","Marginal","ZFP36L2"
"1670",2.43130460729871e-72,0.742206365813075,"ENSG00000196531",4.18381704132562e-142,"Multivariate","Marginal","NACA"
"1671",6.11547334362867e-51,0.742206365813075,"ENSG00000175061",1.11048736631877e-120,"Multivariate","Marginal","SNHG29"
"1672",2.92416852513233e-118,0.742206365813075,"ENSG00000008438",3.42397999279632e-163,"Multivariate","Marginal","PGLYRP1"
"1673",8.53211114214708e-17,0.742206365813075,"ENSG00000163041",5.0225521059701e-13,"Multivariate","Marginal","H3-3A"
"1674",3.84069902012288e-37,0.742206365813075,"ENSG00000164032",2.94724898843373e-144,"Multivariate","Marginal","H2AZ1"
"1675",2.26029355776451e-38,0.742206365813075,"ENSG00000125740",4.5171485365238e-71,"Multivariate","Marginal","FOSB"
"1676",4.36893477899438e-59,0.742206365813075,"ENSG00000124172",6.69712039981629e-92,"Multivariate","Marginal","ATP5F1E"
"1677",1.04892043839977e-33,0.742206365813075,"ENSG00000167996",3.34286287033666e-77,"Multivariate","Marginal","FTH1"
"1678",0.000689815703769593,0.742206365813075,"ENSG00000092841",0.701728361149517,"Multivariate","Marginal","MYL6"
"1679",3.83211460563492e-57,0.742206365813075,"ENSG00000135486",4.90884181380861e-166,"Multivariate","Marginal","HNRNPA1"
"1680",5.34786562678491e-62,0.742206365813075,"ENSG00000116251",3.95950804370146e-154,"Multivariate","Marginal","RPL22"
"1681",9.73470278562074e-50,0.742206365813075,"ENSG00000206503",2.03409057042458e-52,"Multivariate","Marginal","HLA-A"
"1682",7.25851585102927e-42,0.742206365813075,"ENSG00000051523",6.71533608661204e-59,"Multivariate","Marginal","CYBA"
"1683",4.20363740676152e-23,0.742206365813075,"ENSG00000267519",1.06887055430289e-58,"Multivariate","Marginal",NA
"1684",1.79094066820384e-51,0.742206365813075,"ENSG00000124795",5.18789150030716e-156,"Multivariate","Marginal","DEK"
"1685",1.64717956070783e-24,0.742206365813075,"ENSG00000187837",4.17161079668474e-56,"Multivariate","Marginal","H1-2"
"1686",2.52047474077473e-61,0.742206365813075,"ENSG00000181163",3.3770353786496e-139,"Multivariate","Marginal","NPM1"
"1687",5.74730444898459e-51,0.742206365813075,"ENSG00000233276",3.99217085063114e-173,"Multivariate","Marginal","GPX1"
"1688",3.6353338512908e-45,0.742206365813075,"ENSG00000115053",6.07963870614385e-153,"Multivariate","Marginal","NCL"
"1689",6.49791219858958e-40,0.742206365813075,"ENSG00000149516",7.23840797160637e-80,"Multivariate","Marginal","MS4A3"
"1690",2.04698904003127e-55,0.742206365813075,"ENSG00000084207",4.62077471040198e-169,"Multivariate","Marginal","GSTP1"
"1691",3.07925765837454e-31,0.742206365813075,"ENSG00000115271",3.5255119677058e-106,"Multivariate","Marginal","GCA"
"1692",1.28767802369894e-33,0.742206365813075,"ENSG00000117724",8.05363242129849e-90,"Multivariate","Marginal","CENPF"
"1693",2.56644426483452e-65,0.742206365813075,"ENSG00000204287",8.44984977781753e-143,"Multivariate","Marginal","HLA-DRA"
"1694",4.00291730585361e-20,0.742206365813075,"ENSG00000100906",3.82219965324873e-39,"Multivariate","Marginal","NFKBIA"
"1695",1.54210535994493e-54,0.742206365813075,"ENSG00000187109",3.87794898901163e-149,"Multivariate","Marginal","NAP1L1"
"1696",7.02831850920553e-09,0.742206365813075,"ENSG00000188536",2.4044829399134e-08,"Multivariate","Marginal","HBA2"
"1697",1.33695202482227e-60,0.742206365813075,"ENSG00000124614",1.19594564036366e-132,"Multivariate","Marginal","RPS10"
"1698",2.04136124248616e-46,0.742206365813075,"ENSG00000132475",2.96828169556827e-63,"Multivariate","Marginal","H3-3B"
"1699",1.49531003222886e-43,0.742206365813075,"ENSG00000212907",1.90755069181969e-78,"Multivariate","Marginal","ND4L"
"1700",3.33590196864551e-53,0.742206365813075,"ENSG00000119335",1.12012112483794e-156,"Multivariate","Marginal","SET"
"1701",7.86782586676235e-22,0.742206365813075,"ENSG00000108654",3.58692115231887e-22,"Multivariate","Marginal","DDX5"
"1702",4.63268040757145e-59,0.742206365813075,"ENSG00000109971",1.11898701791089e-130,"Multivariate","Marginal","HSPA8"
"1703",1.15903549680678e-14,0.742206365813075,"ENSG00000144802",1.19924809323653e-19,"Multivariate","Marginal","NFKBIZ"
"1704",1.99785018397688e-10,0.742206365813075,"ENSG00000291237",6.44982132029518e-09,"Multivariate","Marginal",NA
"1705",1.89313798406942e-102,0.742206365813075,"ENSG00000096006",1.19177376049164e-142,"Multivariate","Marginal","CRISP3"
"1706",1.71146074047798e-121,0.742206365813075,"ENSG00000272398",7.94403756801938e-168,"Multivariate","Marginal","CD24"
"1707",0.936166902064654,0.742206365813075,"ENSG00000105835",0.00377898355877918,"Multivariate","Marginal","NAMPT"
"1708",4.80009882832265e-20,0.742206365813075,"ENSG00000163466",1.85450133466681e-26,"Multivariate","Marginal","ARPC2"
"1709",8.92175571519342e-59,0.742206365813075,"ENSG00000107581",5.75618586547206e-131,"Multivariate","Marginal","EIF3A"
"1710",2.9790855874624e-12,0.742206365813075,"ENSG00000100300",0.000163573799664172,"Multivariate","Marginal","TSPO"
"1711",3.83672331413826e-41,0.742206365813075,"ENSG00000127022",2.4940627918533e-119,"Multivariate","Marginal","CANX"
"1712",2.11339846398414e-35,0.742206365813075,"ENSG00000173812",1.50562745190808e-44,"Multivariate","Marginal","EIF1"
"1713",3.92264866695898e-16,0.742206365813075,"ENSG00000160888",3.94256455059103e-25,"Multivariate","Marginal","IER2"
"1714",3.21477711176265e-57,0.742206365813075,"ENSG00000131143",1.16697877883923e-142,"Multivariate","Marginal","COX4I1"
"1715",3.4858823021303e-26,0.742206365813075,"ENSG00000142669",7.60779137862357e-41,"Multivariate","Marginal","SH3BGRL3"
"1716",1.79307260776636e-50,0.742206365813075,"ENSG00000113648",1.28788663770529e-111,"Multivariate","Marginal","MACROH2A1"
"1717",1.20425786611091e-46,0.742206365813075,"ENSG00000163993",7.91868495954182e-152,"Multivariate","Marginal","S100P"
"1718",3.89455870545466e-50,0.742206365813075,"ENSG00000136938",4.36759661952201e-126,"Multivariate","Marginal","ANP32B"
"1719",3.33337786843735e-22,0.742206365813075,"ENSG00000111348",9.64127041085358e-31,"Multivariate","Marginal","ARHGDIB"
"1720",8.53524602397534e-36,0.742206365813075,"ENSG00000132965",7.33125500454006e-123,"Multivariate","Marginal","ALOX5AP"
"1721",2.8982974712682e-49,0.742206365813075,"ENSG00000169554",5.33226414610462e-131,"Multivariate","Marginal","ZEB2"
"1722",5.57677491893156e-61,0.742206365813075,"ENSG00000070081",1.29877289766369e-120,"Multivariate","Marginal","NUCB2"
"1723",1.7707681736914e-58,0.742206365813075,"ENSG00000142864",2.40381218878695e-129,"Multivariate","Marginal","SERBP1"
"1724",2.05216673994895e-65,0.742206365813075,"ENSG00000203875",1.05436905386046e-153,"Multivariate","Marginal","SNHG5"
"1725",0.035797443858294,0.742206365813075,"ENSG00000081237",9.70267358403988e-12,"Multivariate","Marginal","PTPRC"
"1726",0.00857130147797323,0.742206365813075,"ENSG00000163191",0.161665176447206,"Multivariate","Marginal","S100A11"
"1727",1.33866675923665e-50,0.742206365813075,"ENSG00000167658",7.65182006895188e-144,"Multivariate","Marginal","EEF2"
"1728",9.61037450898145e-57,0.742206365813075,"ENSG00000069275",9.37539732747567e-160,"Multivariate","Marginal","NUCKS1"
"1729",1.15288396482445e-23,0.742206365813075,"ENSG00000165168",3.31649273940051e-74,"Multivariate","Marginal","CYBB"
"1730",5.11197971064201e-76,0.742206365813075,"ENSG00000182774",2.65891724536286e-156,"Multivariate","Marginal","RPS17"
"1731",1.17256378049431e-49,0.742206365813075,"ENSG00000147649",1.85395600991073e-98,"Multivariate","Marginal","MTDH"
"1732",5.17396184071415e-29,0.742206365813075,"ENSG00000168298",8.18873371156765e-84,"Multivariate","Marginal","H1-4"
"1733",6.14237106966723e-13,0.742206365813075,"ENSG00000143384",3.51537391436443e-18,"Multivariate","Marginal","MCL1"
"1734",3.97171174123902e-35,0.742206365813075,"ENSG00000145287",2.47527755507984e-82,"Multivariate","Marginal","PLAC8"
"1735",7.24910573471212e-06,0.742206365813075,"ENSG00000140575",0.00278711130721926,"Multivariate","Marginal","IQGAP1"
"1736",1.32129695281664e-49,0.742206365813075,"ENSG00000101439",9.06062793614508e-123,"Multivariate","Marginal","CST3"
"1737",0.0137501482409124,0.742206365813075,"ENSG00000163131",1.24969242472001e-12,"Multivariate","Marginal","CTSS"
"1738",8.92719227989259e-56,0.742206365813075,"ENSG00000067225",2.55375093883374e-97,"Multivariate","Marginal","PKM"
"1739",5.53786219630158e-20,0.742206365813075,"ENSG00000143933",1.60326398205272e-23,"Multivariate","Marginal","CALM2"
"1740",1.91873979483016e-38,0.742206365813075,"ENSG00000152601",1.40919241931321e-61,"Multivariate","Marginal","MBNL1"
"1741",6.96696933237688e-49,0.742206365813075,"ENSG00000204936",3.45375430427601e-127,"Multivariate","Marginal","CD177"
"1742",1.13562527883856e-08,0.742206365813075,"ENSG00000059804",3.28229559839539e-34,"Multivariate","Marginal","SLC2A3"
"1743",3.02341320502276e-44,0.742206365813075,"ENSG00000184897",3.96949601019336e-108,"Multivariate","Marginal","H1-10"
"1744",1.91543625306013e-31,0.742206365813075,"ENSG00000150991",7.54272827250738e-58,"Multivariate","Marginal","UBC"
"1745",1.65339836694752e-28,0.742206365813075,"ENSG00000166913",1.19708073508626e-44,"Multivariate","Marginal","YWHAB"
"1746",1.4462683435036e-35,0.742206365813075,"ENSG00000085265",9.11488357262664e-85,"Multivariate","Marginal","FCN1"
"1747",4.63726035591402e-61,0.742206365813075,"ENSG00000124942",1.89040768412085e-148,"Multivariate","Marginal","AHNAK"
"1748",2.3870344884365e-06,0.742206365813075,"ENSG00000198668",0.0431725659701925,"Multivariate","Marginal","CALM1"
"1749",0.295910860738123,0.742206365813075,"ENSG00000131236",9.37320311060274e-06,"Multivariate","Marginal","CAP1"
"1750",7.6628666237584e-07,0.742206365813075,"ENSG00000163660",0.00126647379805503,"Multivariate","Marginal","CCNL1"
"1751",3.98300199733358e-13,0.742206365813075,"ENSG00000127528",3.72457845711511e-27,"Multivariate","Marginal","KLF2"
"1752",0.0793748552435873,0.742206365813075,"ENSG00000162704",0.000446328280649351,"Multivariate","Marginal","ARPC5"
"1753",8.95794961987512e-59,0.742206365813075,"ENSG00000092199",2.65323898047873e-119,"Multivariate","Marginal","HNRNPC"
"1754",3.60868185669646e-22,0.742206365813075,"ENSG00000066279",3.60486302244638e-55,"Multivariate","Marginal","ASPM"
"1755",0.00364733852157215,0.742206365813075,"ENSG00000204389",4.2217334954275e-08,"Multivariate","Marginal","HSPA1A"
"1756",7.08348760254809e-57,0.742206365813075,"ENSG00000197728",5.20256452211766e-138,"Multivariate","Marginal","RPS26"
"1757",3.51328427085734e-46,0.742206365813075,"ENSG00000087460",7.24396513300704e-110,"Multivariate","Marginal","GNAS"
"1758",1.70934869745284e-69,0.742206365813075,"ENSG00000117632",6.81680727127696e-166,"Multivariate","Marginal","STMN1"
"1759",1.15448973119271e-65,0.742206365813075,"ENSG00000144381",1.084205735546e-143,"Multivariate","Marginal","HSPD1"
"1760",2.3748006751608e-37,0.742206365813075,"ENSG00000197747",7.6764977490705e-101,"Multivariate","Marginal","S100A10"
"1761",7.97362461120252e-64,0.742206365813075,"ENSG00000166794",2.41066806167467e-153,"Multivariate","Marginal","PPIB"
"1762",4.14659554732465e-27,0.742206365813075,"ENSG00000136527",2.56246082261221e-48,"Multivariate","Marginal","TRA2B"
"1763",4.06914048741663e-21,0.742206365813075,"ENSG00000163931",1.10112842230907e-20,"Multivariate","Marginal","TKT"
"1764",1.07050387860584e-60,0.742206365813075,"ENSG00000135390",6.41274834045935e-158,"Multivariate","Marginal","ATP5MC2"
"1765",4.83821380619219e-31,0.742206365813075,"ENSG00000130522",4.36616275953567e-54,"Multivariate","Marginal","JUND"
"1766",4.78794662827505e-53,0.742206365813075,"ENSG00000170144",3.09866275637538e-121,"Multivariate","Marginal","HNRNPA3"
"1767",5.40944282808787e-28,0.742206365813075,"ENSG00000121316",1.26031337306353e-78,"Multivariate","Marginal","PLBD1"
"1768",9.01779961019158e-28,0.742206365813075,"ENSG00000077984",6.62638633963602e-52,"Multivariate","Marginal","CST7"
"1769",1.74511706375632e-24,0.742206365813075,"ENSG00000124831",1.16497386886623e-36,"Multivariate","Marginal","LRRFIP1"
"1770",8.20191082651632e-68,0.742206365813075,"ENSG00000118640",7.29783202169451e-165,"Multivariate","Marginal","VAMP8"
"1771",2.38712019099509e-31,0.742206365813075,"ENSG00000157514",6.49658778397826e-56,"Multivariate","Marginal","TSC22D3"
"1772",1.49258993594149e-36,0.742206365813075,"ENSG00000221869",1.77044164542746e-71,"Multivariate","Marginal","CEBPD"
"1773",4.75030938808767e-31,0.742206365813075,"ENSG00000179869",5.19252493185092e-90,"Multivariate","Marginal","ABCA13"
"1774",1.31633250058218e-63,0.742206365813075,"ENSG00000205581",1.52867921516829e-118,"Multivariate","Marginal","HMGN1"
"1775",1.00573472088964e-36,0.742206365813075,"ENSG00000165119",3.89915660645227e-72,"Multivariate","Marginal","HNRNPK"
"1776",1.76941038944996e-15,0.742206365813075,"ENSG00000121966",1.08745160153841e-20,"Multivariate","Marginal","CXCR4"
"1777",1.23179927526814e-48,0.742206365813075,"ENSG00000110077",2.63601046976179e-115,"Multivariate","Marginal","MS4A6A"
"1778",7.53292355957473e-29,0.742206365813075,"ENSG00000124575",2.36312123114801e-77,"Multivariate","Marginal","H1-3"
"1779",2.11467691290414e-60,0.742206365813075,"ENSG00000131018",1.13593118785867e-156,"Multivariate","Marginal","SYNE1"
"1780",3.25289646700131e-68,0.742206365813075,"ENSG00000111669",1.1196185037377e-137,"Multivariate","Marginal","TPI1"
"1781",4.13685843848471e-43,0.742206365813075,"ENSG00000159339",8.47960218024466e-137,"Multivariate","Marginal","PADI4"
"1782",2.63094883523617e-57,0.742206365813075,"ENSG00000112081",3.25371118430547e-125,"Multivariate","Marginal","SRSF3"
"1783",1.30212390433963e-12,0.742206365813075,"ENSG00000120738",2.01828230044027e-25,"Multivariate","Marginal","EGR1"
"1784",2.88407231550985e-23,0.742206365813075,"ENSG00000114353",1.48054240987147e-31,"Multivariate","Marginal","GNAI2"
"1785",3.08507970980034e-48,0.742206365813075,"ENSG00000135821",5.8570233726094e-85,"Multivariate","Marginal","GLUL"
"1786",5.99772118192008e-83,0.742206365813075,"ENSG00000240972",6.02396015169617e-165,"Multivariate","Marginal","MIF"
"1787",1.62779954202024e-46,0.742206365813075,"ENSG00000101347",8.70919388995338e-148,"Multivariate","Marginal","SAMHD1"
"1788",6.92625922250391e-63,0.742206365813075,"ENSG00000105472",5.47030216759743e-160,"Multivariate","Marginal","CLEC11A"
"1789",4.33210100125679e-60,0.742206365813075,"ENSG00000106153",2.42529164796233e-130,"Multivariate","Marginal","CHCHD2"
"1790",3.65539950224488e-42,0.742206365813075,"ENSG00000067560",7.60520864899717e-67,"Multivariate","Marginal","RHOA"
"1791",1.53573836658355e-58,0.742206365813075,"ENSG00000127184",6.44110482468237e-125,"Multivariate","Marginal","COX7C"
"1792",3.26666904887109e-05,0.742206365813075,"ENSG00000171223",0.126572539432097,"Multivariate","Marginal","JUNB"
"1793",3.21268968608243e-48,0.742206365813075,"ENSG00000124469",1.07317190914357e-138,"Multivariate","Marginal","CEACAM8"
"1794",5.38631949661426e-13,0.742206365813075,"ENSG00000030582",1.04930534535888e-07,"Multivariate","Marginal","GRN"
"1795",1.17820939307004e-22,0.742206365813075,"ENSG00000184357",7.44697659866934e-66,"Multivariate","Marginal","H1-5"
"1796",0.000346325575936094,0.742206365813075,"ENSG00000206172",1.16271228432762e-06,"Multivariate","Marginal","HBA1"
"1797",3.8768526333772e-37,0.742206365813075,"ENSG00000121691",2.45284179638779e-54,"Multivariate","Marginal","CAT"
"1798",2.2844139224595e-59,0.742206365813075,"ENSG00000185624",1.03970396299668e-139,"Multivariate","Marginal","P4HB"
"1799",2.46994833919814e-63,0.742206365813075,"ENSG00000167004",1.49121281189984e-145,"Multivariate","Marginal","PDIA3"
"1800",9.69789068403428e-39,0.742206365813075,"ENSG00000113810",1.45363637277831e-91,"Multivariate","Marginal","SMC4"
"1801",1.02378194941973e-34,0.742206365813075,"ENSG00000111229",7.66045073531378e-36,"Multivariate","Marginal","ARPC3"
"1802",1.57401467529927e-15,0.742206365813075,"ENSG00000265972",8.5660878923478e-13,"Multivariate","Marginal","TXNIP"
"1803",4.12013518294503e-35,0.742206365813075,"ENSG00000169045",9.36688645687721e-79,"Multivariate","Marginal","HNRNPH1"
"1804",1.66262657473631e-58,0.742206365813075,"ENSG00000120802",5.42771097805597e-153,"Multivariate","Marginal","TMPO"
"1805",5.19417610814213e-34,0.742206365813075,"ENSG00000162511",1.12733699560399e-47,"Multivariate","Marginal","LAPTM5"
"1806",7.70178016893571e-08,0.742206365813075,"ENSG00000164924",0.000632941942554766,"Multivariate","Marginal","YWHAZ"
"1807",5.27905802547266e-46,0.742206365813075,"ENSG00000138668",7.08991128558657e-116,"Multivariate","Marginal","HNRNPD"
"1808",6.7124797014108e-24,0.742206365813075,"ENSG00000135404",1.14298996168937e-36,"Multivariate","Marginal","CD63"
"1809",4.894343928462e-58,0.742206365813075,"ENSG00000156467",1.14192587162689e-128,"Multivariate","Marginal","UQCRB"
"1810",3.59496136955485e-65,0.742206365813075,"ENSG00000145741",1.71202978338714e-123,"Multivariate","Marginal","BTF3"
"1811",5.46815620596104e-20,0.742206365813075,"ENSG00000143669",1.69903053797938e-27,"Multivariate","Marginal","LYST"
"1812",1.87493199423979e-16,0.742206365813075,"ENSG00000128016",3.81413372646495e-33,"Multivariate","Marginal","ZFP36"
"1813",4.25696255768417e-66,0.742206365813075,"ENSG00000241343",9.98192436445234e-167,"Multivariate","Marginal","RPL36A"
"1814",1.5783914748986e-29,0.742206365813075,"ENSG00000118503",8.14589201320689e-68,"Multivariate","Marginal","TNFAIP3"
"1815",5.81646375250876e-38,0.742206365813075,"ENSG00000116560",1.31526989210266e-89,"Multivariate","Marginal","SFPQ"
"1816",0.41439113005693,0.742206365813075,"ENSG00000101608",4.46918763492447e-10,"Multivariate","Marginal","MYL12A"
"1817",1.75827003885618e-35,0.742206365813075,"ENSG00000102144",6.02310908888725e-48,"Multivariate","Marginal","PGK1"
"1818",8.78375854082767e-08,0.742206365813075,"ENSG00000133639",3.57452587716492e-08,"Multivariate","Marginal","BTG1"
"1819",1.02114527411039e-19,0.742206365813075,"ENSG00000164754",1.96361968845596e-40,"Multivariate","Marginal","RAD21"
"1820",3.79090649714925e-45,0.742206365813075,"ENSG00000084234",1.47775568045247e-111,"Multivariate","Marginal","APLP2"
"1821",5.31373318849653e-61,0.742206365813075,"ENSG00000143870",2.20915206833244e-164,"Multivariate","Marginal","PDIA6"
"1822",3.92344560803066e-45,0.742206365813075,"ENSG00000223865",2.7483071777891e-77,"Multivariate","Marginal","HLA-DPB1"
"1823",1.93497113908997e-55,0.742206365813075,"ENSG00000232112",1.38055647198679e-116,"Multivariate","Marginal","TMA7"
"1824",3.26863252448405e-15,0.742206365813075,"ENSG00000197746",3.42556080838581e-27,"Multivariate","Marginal","PSAP"
"1825",4.56266019803749e-40,0.742206365813075,"ENSG00000118816",2.80156080437066e-49,"Multivariate","Marginal","CCNI"
"1826",3.32372057597e-46,0.742206365813075,"ENSG00000231389",5.15498085152958e-78,"Multivariate","Marginal","HLA-DPA1"
"1827",1.18798885957827e-08,0.742206365813075,"ENSG00000170571",1.37940898575439e-41,"Multivariate","Marginal","EMB"
"1828",1.76859210086301e-44,0.742206365813075,"ENSG00000167283",6.72910342689878e-119,"Multivariate","Marginal","ATP5MG"
"1829",4.10211721543978e-05,0.742206365813075,"ENSG00000090376",0.933460483587249,"Multivariate","Marginal","IRAK3"
"1830",1.23259306770422e-49,0.742206365813075,"ENSG00000182718",2.90303843344325e-131,"Multivariate","Marginal","ANXA2"
"1831",6.97953274623108e-49,0.742206365813075,"ENSG00000101182",8.49492938847827e-97,"Multivariate","Marginal","PSMA7"
"1832",2.39278617433065e-36,0.742206365813075,"ENSG00000143401",1.03693318099149e-76,"Multivariate","Marginal","ANP32E"
"1833",2.64157415531949e-47,0.742206365813075,"ENSG00000122565",2.35061943559092e-96,"Multivariate","Marginal","CBX3"
"1834",4.25484452284058e-52,0.742206365813075,"ENSG00000197766",1.31050902932718e-119,"Multivariate","Marginal","CFD"
"1835",1.69165452922606e-43,0.742206365813075,"ENSG00000129534",1.06645547212909e-94,"Multivariate","Marginal","MIS18BP1"
"1836",4.80508014355341e-74,0.742206365813075,"ENSG00000115355",8.09936617346817e-157,"Multivariate","Marginal","CCDC88A"
"1837",1.17147053584315e-26,0.742206365813075,"ENSG00000048740",1.58279282407046e-34,"Multivariate","Marginal","CELF2"
"1838",1.30696459723784e-59,0.742206365813075,"ENSG00000197451",9.18613124535513e-137,"Multivariate","Marginal","HNRNPAB"
"1839",0.00891134144981146,0.742206365813075,"ENSG00000115091",0.279667012813681,"Multivariate","Marginal","ACTR3"
"1840",1.05356459913327e-51,0.742206365813075,"ENSG00000245910",5.70109245923607e-128,"Multivariate","Marginal",NA
"1841",1.45760532285614e-42,0.742206365813075,"ENSG00000169564",6.04719111953751e-80,"Multivariate","Marginal","PCBP1"
"1842",6.22807102663108e-56,0.742206365813075,"ENSG00000128951",4.08520292271799e-128,"Multivariate","Marginal","DUT"
"1843",9.78284755339798e-13,0.742206365813075,"ENSG00000160255",3.85868159553977e-17,"Multivariate","Marginal","ITGB2"
"1844",1.29994213255076e-06,0.742206365813075,"ENSG00000082074",5.45930099840017e-31,"Multivariate","Marginal","FYB1"
"1845",2.05961351060527e-26,0.742206365813075,"ENSG00000147065",4.02170409377416e-29,"Multivariate","Marginal","MSN"
"1846",7.81635263777009e-66,0.742206365813075,"ENSG00000173660",1.71540971504606e-143,"Multivariate","Marginal","UQCRH"
"1847",5.10045079519333e-26,0.742206365813075,"ENSG00000204388",2.70568660856931e-70,"Multivariate","Marginal","HSPA1B"
"1848",6.8703436728461e-58,0.742206365813075,"ENSG00000140319",4.30220091521775e-88,"Multivariate","Marginal","SRP14"
"1849",2.25699192076202e-28,0.742206365813075,"ENSG00000062716",1.02703269962975e-58,"Multivariate","Marginal","VMP1"
"1850",2.78798736880143e-14,0.742206365813075,"ENSG00000011198",1.67417347151225e-62,"Multivariate","Marginal","ABHD5"
"1851",7.63967012308302e-48,0.742206365813075,"ENSG00000123349",4.94415201073736e-133,"Multivariate","Marginal","PFDN5"
"1852",2.85244214467718e-12,0.742206365813075,"ENSG00000171051",7.73612358652303e-33,"Multivariate","Marginal","FPR1"
"1853",0.983405949128671,0.742206365813075,"ENSG00000143815",4.35924229673823e-07,"Multivariate","Marginal","LBR"
"1854",2.19609762660045e-71,0.742206365813075,"ENSG00000075415",4.2742813960238e-124,"Multivariate","Marginal","SLC25A3"
"1855",7.39952042401414e-37,0.742206365813075,"ENSG00000159140",8.08074820827001e-58,"Multivariate","Marginal","SON"
"1856",4.13007750061054e-53,0.742206365813075,"ENSG00000105968",1.60539489002568e-117,"Multivariate","Marginal","H2AZ2"
"1857",4.70985959774161e-75,0.742206365813075,"ENSG00000005022",9.69114627522051e-153,"Multivariate","Marginal","SLC25A5"
"1858",8.47896711726552e-57,0.742206365813075,"ENSG00000152234",9.86901727777706e-138,"Multivariate","Marginal","ATP5F1A"
"1859",5.72992580157528e-46,0.742206365813075,"ENSG00000099783",2.99779426903858e-113,"Multivariate","Marginal","HNRNPM"
"1860",5.11279817150357e-69,0.742206365813075,"ENSG00000118520",2.52713910159884e-174,"Multivariate","Marginal","ARG1"
"1861",1.04318216351561e-59,0.742206365813075,"ENSG00000169567",1.69018152388346e-148,"Multivariate","Marginal","HINT1"
"1862",1.83994721308516e-68,0.742206365813075,"ENSG00000253729",1.98776646039704e-142,"Multivariate","Marginal","PRKDC"
"1863",1.89778426587533e-51,0.742206365813075,"ENSG00000164733",5.57341898859772e-125,"Multivariate","Marginal","CTSB"
"1864",3.67569302786004e-43,0.742206365813075,"ENSG00000196924",3.85573986451187e-93,"Multivariate","Marginal","FLNA"
"1865",1.49250185778161e-24,0.742206365813075,"ENSG00000107372",5.24781999351558e-39,"Multivariate","Marginal","ZFAND5"
"1866",5.38860395122061e-28,0.742206365813075,"ENSG00000134333",4.42632264746636e-37,"Multivariate","Marginal","LDHA"
"1867",2.15987811105972e-27,0.742206365813075,"ENSG00000170540",2.50792058795451e-69,"Multivariate","Marginal","ARL6IP1"
"1868",8.95971642106493e-60,0.742206365813075,"ENSG00000170515",8.55583971539e-161,"Multivariate","Marginal","PA2G4"
"1869",1.11077572554421e-19,0.742206365813075,"ENSG00000204525",1.02330319594809e-33,"Multivariate","Marginal","HLA-C"
"1870",2.77996733807367e-38,0.742206365813075,"ENSG00000054654",3.8609114826692e-98,"Multivariate","Marginal","SYNE2"
"1871",3.24859951008206e-58,0.742206365813075,"ENSG00000158710",2.08219292112123e-149,"Multivariate","Marginal","TAGLN2"
"1872",1.43477384130137e-83,0.742206365813075,"ENSG00000163453",2.30492856098078e-164,"Multivariate","Marginal","IGFBP7"
"1873",4.19817704675852e-43,0.742206365813075,"ENSG00000148175",2.03490617626843e-132,"Multivariate","Marginal","STOM"
"1874",1.07252376576417e-51,0.742206365813075,"ENSG00000176340",1.48158926906612e-136,"Multivariate","Marginal","COX8A"
"1875",1.23077909767605e-56,0.742206365813075,"ENSG00000170315",7.65314422927697e-135,"Multivariate","Marginal","UBB"
"1876",1.70495293698689e-70,0.742206365813075,"ENSG00000111716",1.23389742327282e-174,"Multivariate","Marginal","LDHB"
"1877",2.36907438754313e-21,0.742206365813075,"ENSG00000177156",2.02022641608192e-16,"Multivariate","Marginal","TALDO1"
"1878",2.11616693794128e-26,0.742206365813075,"ENSG00000085719",1.11669558880454e-103,"Multivariate","Marginal","CPNE3"
"1879",1.69110832660519e-14,0.742206365813075,"ENSG00000138778",2.50044289881591e-45,"Multivariate","Marginal","CENPE"
"1880",1.65759112190344e-66,0.742206365813075,"ENSG00000180879",5.52800580405877e-155,"Multivariate","Marginal","SSR4"
"1881",0.00952608112388839,0.742206365813075,"ENSG00000111913",6.38024812571212e-10,"Multivariate","Marginal","RIPOR2"
"1882",1.32251188892069e-08,0.742206365813075,"ENSG00000215301",6.32638892360719e-07,"Multivariate","Marginal","DDX3X"
"1883",7.29345004462388e-14,0.742206365813075,"ENSG00000070831",5.32887894678301e-05,"Multivariate","Marginal","CDC42"
"1884",3.34462673646946e-59,0.742206365813075,"ENSG00000169020",5.54480233739029e-151,"Multivariate","Marginal","ATP5ME"
"1885",1.14287675131067e-29,0.742206365813075,"ENSG00000110321",1.13197192904652e-40,"Multivariate","Marginal","EIF4G2"
"1886",1.27249530640795e-27,0.742206365813075,"ENSG00000139644",2.56943699629495e-41,"Multivariate","Marginal","TMBIM6"
"1887",6.40536965858118e-46,0.742206365813075,"ENSG00000148154",1.42021628028125e-138,"Multivariate","Marginal","UGCG"
"1888",1.37806049169573e-39,0.742206365813075,"ENSG00000185198",2.26869038706483e-85,"Multivariate","Marginal","PRSS57"
"1889",0.339795510237501,0.742206365813075,"ENSG00000011600",0.445097122429029,"Multivariate","Marginal","TYROBP"
"1890",2.04817809090158e-16,0.742206365813075,"ENSG00000184260",1.61072155058877e-28,"Multivariate","Marginal","H2AC20"
"1891",2.57463341838227e-62,0.742206365813075,"ENSG00000110955",1.16806083283112e-130,"Multivariate","Marginal","ATP5F1B"
"1892",6.53444789185655e-53,0.742206365813075,"ENSG00000115875",3.91655960532822e-125,"Multivariate","Marginal","SRSF7"
"1893",3.91144348604278e-70,0.742206365813075,"ENSG00000132341",5.78818024178084e-159,"Multivariate","Marginal","RAN"
"1894",5.5612970061476e-65,0.742206365813075,"ENSG00000104529",1.81657763060543e-112,"Multivariate","Marginal","EEF1D"
"1895",1.49460145454669e-29,0.742206365813075,"ENSG00000088325",1.58013510352774e-73,"Multivariate","Marginal","TPX2"
"1896",1.27007919983173e-56,0.742206365813075,"ENSG00000126267",1.07544994906577e-126,"Multivariate","Marginal","COX6B1"
"1897",9.18684899827529e-18,0.742206365813075,"ENSG00000103187",3.18778167737711e-29,"Multivariate","Marginal","COTL1"
"1898",0.674715783991778,0.742206365813075,"ENSG00000100345",0.000109938612099057,"Multivariate","Marginal","MYH9"
"1899",3.47193800751983e-68,0.742206365813075,"ENSG00000164919",7.9984587328761e-145,"Multivariate","Marginal","COX6C"
"1900",0.440755344811588,0.742206365813075,"ENSG00000204592",1.37990954833518e-07,"Multivariate","Marginal","HLA-E"
"1901",2.68197048006569e-30,0.742206365813075,"ENSG00000130429",3.88162048308748e-40,"Multivariate","Marginal","ARPC1B"
"1902",9.4270690557003e-56,0.742206365813075,"ENSG00000167978",2.43812705838286e-99,"Multivariate","Marginal","SRRM2"
"1903",3.59764745120593e-34,0.742206365813075,"ENSG00000131051",7.85177633572434e-60,"Multivariate","Marginal","RBM39"
"1904",9.36495199048607e-44,0.742206365813075,"ENSG00000005810",4.53818261629552e-77,"Multivariate","Marginal","MYCBP2"
"1905",1.00018311121495e-33,0.742206365813075,"ENSG00000063046",1.43076370313446e-69,"Multivariate","Marginal","EIF4B"
"1906",3.38369089815469e-62,0.742206365813075,"ENSG00000154518",2.57451775985886e-143,"Multivariate","Marginal","ATP5MC3"
"1907",1.79051604320255e-49,0.742206365813075,"ENSG00000156411",1.21561932129145e-80,"Multivariate","Marginal","ATP5MJ"
"1908",4.16646368520767e-30,0.742206365813075,"ENSG00000117523",3.38913775571771e-54,"Multivariate","Marginal","PRRC2C"
"1909",5.98698216077719e-47,0.742206365813075,"ENSG00000135940",2.81282809000776e-111,"Multivariate","Marginal","COX5B"
"1910",8.69698097019882e-12,0.742206365813075,"ENSG00000198604",4.04974768966759e-11,"Multivariate","Marginal","BAZ1A"
"1911",2.68754338056634e-20,0.742206365813075,"ENSG00000146278",5.53068282387597e-24,"Multivariate","Marginal","PNRC1"
"1912",1.51992145336352e-25,0.742206365813075,"ENSG00000177575",1.19872966925223e-45,"Multivariate","Marginal","CD163"
"1913",3.35922955783488e-06,0.742206365813075,"ENSG00000067900",1.78734673028068e-06,"Multivariate","Marginal","ROCK1"
"1914",2.51236894016769e-22,0.742206365813075,"ENSG00000079246",2.47554107147997e-23,"Multivariate","Marginal","XRCC5"
"1915",0.00165884113537045,0.742206365813075,"ENSG00000102879",0.647143691228852,"Multivariate","Marginal","CORO1A"
"1916",1.40151844618823e-66,0.742206365813075,"ENSG00000152082",9.50596505463645e-161,"Multivariate","Marginal","MZT2B"
"1917",0.527653564134538,0.742206365813075,"ENSG00000185862",3.02917245167537e-07,"Multivariate","Marginal","EVI2B"
"1918",3.97634555552326e-21,0.742206365813075,"ENSG00000100201",2.5401731576148e-14,"Multivariate","Marginal","DDX17"
"1919",6.73629308393316e-21,0.742206365813075,"ENSG00000168264",1.08604706847568e-34,"Multivariate","Marginal","IRF2BP2"
"1920",6.36098259691676e-12,0.742206365813075,"ENSG00000178695",5.01695639115411e-23,"Multivariate","Marginal","KCTD12"
"1921",1.17082998501044e-51,0.742206365813075,"ENSG00000102317",3.87689604966444e-107,"Multivariate","Marginal","RBM3"
"1922",1.312606856098e-55,0.742206365813075,"ENSG00000132646",3.21982020226261e-123,"Multivariate","Marginal","PCNA"
"1923",3.49371547846944e-10,0.742206365813075,"ENSG00000143878",8.56247676913289e-16,"Multivariate","Marginal","RHOB"
"1924",0.0677847923800366,0.742206365813075,"ENSG00000117984",0.757355633451984,"Multivariate","Marginal","CTSD"
"1925",1.52428475740256e-25,0.742206365813075,"ENSG00000139218",1.43978007783083e-39,"Multivariate","Marginal","SCAF11"
"1926",0.944255761540617,0.742206365813075,"ENSG00000153113",0.116484212651838,"Multivariate","Marginal","CAST"
"1927",2.92877894462113e-31,0.742206365813075,"ENSG00000197111",5.36055951050632e-72,"Multivariate","Marginal","PCBP2"
"1928",6.39047132392445e-47,0.742206365813075,"ENSG00000089280",1.20519509756904e-101,"Multivariate","Marginal","FUS"
"1929",0.647913845566269,0.742206365813075,"ENSG00000111144",1.3101303473049e-10,"Multivariate","Marginal","LTA4H"
"1930",2.59034121366266e-06,0.742206365813075,"ENSG00000106780",1.17887887049436e-25,"Multivariate","Marginal","MEGF9"
"1931",9.47440898228408e-29,0.742206365813075,"ENSG00000136026",5.32079334375946e-82,"Multivariate","Marginal","CKAP4"
"1932",4.32789684538077e-51,0.742206365813075,"ENSG00000196683",2.96701105243352e-114,"Multivariate","Marginal","TOMM7"
"1933",1.21100256586762e-49,0.742206365813075,"ENSG00000197471",2.02395602399856e-110,"Multivariate","Marginal","SPN"
"1934",4.10034856714537e-07,0.742206365813075,"ENSG00000135535",0.0707582738728357,"Multivariate","Marginal","CD164"
"1935",3.84457576964138e-60,0.742206365813075,"ENSG00000125944",3.11191207374564e-142,"Multivariate","Marginal","HNRNPR"
"1936",2.62127491772488e-69,0.742206365813075,"ENSG00000137309",1.40690213416964e-156,"Multivariate","Marginal","HMGA1"
"1937",6.90765735035686e-06,0.742206365813075,"ENSG00000130592",1.00368679661255e-18,"Multivariate","Marginal","LSP1"
"1938",6.32050968721983e-45,0.742206365813075,"ENSG00000213719",1.32751845399798e-87,"Multivariate","Marginal","CLIC1"
"1939",2.65531688462026e-33,0.742206365813075,"ENSG00000113387",4.82636730395372e-72,"Multivariate","Marginal","SUB1"
"1940",0.00875643495562475,0.742206365813075,"ENSG00000151726",1.64469327715741e-19,"Multivariate","Marginal","ACSL1"
"1941",6.65222647232146e-52,0.742206365813075,"ENSG00000110958",5.39814137841383e-131,"Multivariate","Marginal","PTGES3"
"1942",3.14667001708302e-74,0.742206365813075,"ENSG00000178982",1.34425351393739e-148,"Multivariate","Marginal","EIF3K"
"1943",9.34250507441407e-17,0.742206365813075,"ENSG00000188229",8.120948949446e-37,"Multivariate","Marginal","TUBB4B"
"1944",5.09451026519954e-50,0.742206365813075,"ENSG00000188612",1.82954306535124e-84,"Multivariate","Marginal","SUMO2"
"1945",8.25851423502393e-32,0.742206365813075,"ENSG00000136810",2.96329641022816e-61,"Multivariate","Marginal","TXN"
"1946",1.74277655900444e-58,0.742206365813075,"ENSG00000189043",1.43645435834486e-98,"Multivariate","Marginal","NDUFA4"
"1947",9.10722719601902e-39,0.742206365813075,"ENSG00000165025",2.59189388703505e-78,"Multivariate","Marginal","SYK"
"1948",4.27578906172329e-36,0.742206365813075,"ENSG00000164111",2.63788834124951e-60,"Multivariate","Marginal","ANXA5"
"1949",6.08579201689923e-51,0.742206365813075,"ENSG00000131174",4.41250503269457e-111,"Multivariate","Marginal","COX7B"
"1950",0.381105429177058,0.742206365813075,"ENSG00000196352",5.9486309335041e-11,"Multivariate","Marginal","CD55"
"1951",3.7169119254366e-50,0.742206365813075,"ENSG00000120742",1.70929066012022e-103,"Multivariate","Marginal","SERP1"
"1952",1.65670468476935e-59,0.742206365813075,"ENSG00000152795",2.5152016531069e-123,"Multivariate","Marginal","HNRNPDL"
"1953",1.43100825628862e-56,0.742206365813075,"ENSG00000120694",6.91593568219111e-130,"Multivariate","Marginal","HSPH1"
"1954",7.36076485300708e-55,0.742206365813075,"ENSG00000126777",1.13227540252183e-110,"Multivariate","Marginal","KTN1"
"1955",8.96591303488918e-59,0.742206365813075,"ENSG00000165502",1.73059359437727e-109,"Multivariate","Marginal","RPL36AL"
"1956",2.92585318027447e-34,0.742206365813075,"ENSG00000100504",5.35315390354888e-121,"Multivariate","Marginal","PYGL"
"1957",5.23694473389948e-57,0.742206365813075,"ENSG00000155368",2.50866481598711e-131,"Multivariate","Marginal","DBI"
"1958",6.99383611979661e-53,0.742206365813075,"ENSG00000234741",2.1395011045994e-95,"Multivariate","Marginal","GAS5"
"1959",0.120795633493718,0.742206365813075,"ENSG00000005020",0.267005316942781,"Multivariate","Marginal","SKAP2"
"1960",1.66044061516514e-64,0.742206365813075,"ENSG00000118705",3.57447807323924e-125,"Multivariate","Marginal","RPN2"
"1961",1.51662273223638e-41,0.742206365813075,"ENSG00000198258",1.37621958272466e-80,"Multivariate","Marginal","UBL5"
"1962",5.19601807315056e-31,0.742206365813075,"ENSG00000108424",2.08405269831685e-64,"Multivariate","Marginal","KPNB1"
"1963",5.39602648390262e-56,0.742206365813075,"ENSG00000108953",6.03926205473701e-130,"Multivariate","Marginal","YWHAE"
"1964",0.0109196309374227,0.742206365813075,"ENSG00000109046",0.00031524403357954,"Multivariate","Marginal","WSB1"
"1965",2.58013825677777e-34,0.742206365813075,"ENSG00000166801",1.65000835737313e-72,"Multivariate","Marginal","FAM111A"
"1966",3.36509382520868e-34,0.742206365813075,"ENSG00000228253",5.70795767679999e-79,"Multivariate","Marginal","ATP8"
"1967",1.52166929501011e-21,0.742206365813075,"ENSG00000142227",2.48800844515167e-38,"Multivariate","Marginal","EMP3"
"1968",0.998885492908411,0.742206365813075,"ENSG00000119535",1.87792225311966e-05,"Multivariate","Marginal","CSF3R"
"1969",7.23821714192637e-24,0.742206365813075,"ENSG00000086061",9.91747932174897e-67,"Multivariate","Marginal","DNAJA1"
"1970",0.426093425451721,0.742206365813075,"ENSG00000142657",1.44908843591168e-05,"Multivariate","Marginal","PGD"
"1971",8.11727990485555e-37,0.742206365813075,"ENSG00000147274",6.45148187531602e-97,"Multivariate","Marginal","RBMX"
"1972",3.14760361059578e-40,0.742206365813075,"ENSG00000009307",1.26210623666835e-84,"Multivariate","Marginal","CSDE1"
"1973",6.73382193762732e-65,0.742206365813075,"ENSG00000125743",7.15493051318725e-156,"Multivariate","Marginal","SNRPD2"
"1974",2.11242944429177e-52,0.742206365813075,"ENSG00000135316",3.41084057741547e-125,"Multivariate","Marginal","SYNCRIP"
"1975",3.93013473236511e-15,0.742206365813075,"ENSG00000101596",9.32082503750317e-18,"Multivariate","Marginal","SMCHD1"
"1976",0.00202768142604818,0.742206365813075,"ENSG00000119314",0.53121738027106,"Multivariate","Marginal","PTBP3"
"1977",2.43859409527073e-44,0.742206365813075,"ENSG00000161547",1.70016904709983e-91,"Multivariate","Marginal","SRSF2"
"1978",3.95007048164761e-54,0.742206365813075,"ENSG00000133226",4.64163878042967e-115,"Multivariate","Marginal","SRRM1"
"1979",5.31273494927024e-21,0.742206365813075,"ENSG00000121552",9.22799853204845e-43,"Multivariate","Marginal","CSTA"
"1980",7.54206545560183e-53,0.742206365813075,"ENSG00000127540",1.13990907363904e-107,"Multivariate","Marginal","UQCR11"
"1981",3.56980657289436e-14,0.742206365813075,"ENSG00000176788",1.69470969135662e-63,"Multivariate","Marginal","BASP1"
"1982",2.50867051672628e-32,0.742206365813075,"ENSG00000105887",3.21952361007804e-26,"Multivariate","Marginal","MTPN"
"1983",1.72805070169023e-16,0.742206365813075,"ENSG00000132002",1.21722412407797e-38,"Multivariate","Marginal","DNAJB1"
"1984",2.19619870676858e-52,0.742206365813075,"ENSG00000104408",9.63428169566268e-108,"Multivariate","Marginal","EIF3E"
"1985",0.000103143813185496,0.742206365813075,"ENSG00000158869",9.36585002696227e-18,"Multivariate","Marginal","FCER1G"
"1986",6.28008765361011e-76,0.742206365813075,"ENSG00000060138",4.89637727160033e-153,"Multivariate","Marginal","YBX3"
"1987",3.5032173984726e-75,0.742206365813075,"ENSG00000132780",8.21705399960946e-152,"Multivariate","Marginal","NASP"
"1988",7.12974463518664e-19,0.742206365813075,"ENSG00000137076",1.01977001802466e-29,"Multivariate","Marginal","TLN1"
"1989",3.32352907483022e-42,0.742206365813075,"ENSG00000119707",7.77742662336684e-81,"Multivariate","Marginal","RBM25"
"1990",1.92240230786959e-64,0.742206365813075,"ENSG00000124766",8.07027534509839e-144,"Multivariate","Marginal","SOX4"
"1991",9.16567566313901e-41,0.742206365813075,"ENSG00000171530",8.2478031516086e-84,"Multivariate","Marginal","TBCA"
"1992",5.24947039693136e-52,0.742206365813075,"ENSG00000167460",9.32816312351627e-115,"Multivariate","Marginal","TPM4"
"1993",0.529740986823561,0.742206365813075,"ENSG00000003402",7.62224269783729e-08,"Multivariate","Marginal","CFLAR"
"1994",0.0166754781869472,0.742206365813075,"ENSG00000183688",2.04586001750744e-14,"Multivariate","Marginal","RFLNB"
"1995",0.00636151247487216,0.742206365813075,"ENSG00000188404",0.346049529080427,"Multivariate","Marginal","SELL"
"1996",2.43352617899194e-16,0.742206365813075,"ENSG00000116489",6.24374939048193e-11,"Multivariate","Marginal","CAPZA1"
"1997",3.59104055903871e-56,0.742206365813075,"ENSG00000057608",4.5895397853919e-112,"Multivariate","Marginal","GDI2"
"1998",1.1583287650845e-60,0.742206365813075,"ENSG00000164405",3.595160004866e-147,"Multivariate","Marginal","UQCRQ"
"1999",1.34065435836547e-68,0.742206365813075,"ENSG00000105810",1.75459493114349e-117,"Multivariate","Marginal","CDK6"
"2000",1.82535917850715e-71,0.742206365813075,"ENSG00000130816",2.5384187415891e-155,"Multivariate","Marginal","DNMT1"
